note_id,type,title,desc,video_url,time,last_update_time,user_id,nickname,avatar,liked_count,collected_count,comment_count,share_count,ip_location,image_list,tag_list,last_modify_ts,note_url,source_keyword,xsec_token
6925ac1a000000001d03c6cd,normal,山姆求你管一管…,"别的店不知道，我去的后湖那家总有一批男男女女。在一条队伍里面穿插排三五个人，然后一个人领了往后继续插队。肉的试吃基本只有十几份，这几个阿姨们基本会通过循环直接拿走一大半，然后不停的循环。
我感觉做试吃的店员也有苦难言，我一周大概去一到两次，每次都能看到那几个人。有次他们又不停的插队我就愤怒发声了，旁边小姐姐跟我说这一伙人每天来吃从来不买，每天都这样。
后面每次去我就会观察那伙人，不出所料，每次都是这样，其中一个短发姐，一个白发奶，一个秃头哥次次都在。每次就是不停的插队，分开插队。
这个现象真的无法管制吗…这样正常想买东西试吃一下的顾客根本就拍不到。因为我最近为了拍素材基本都是下午去人少还好，只要晚上去，我次次都能看到那几个人插队。听说有些地方山姆会把没有任何购买记录的人退卡，我感觉那群人肯定不会消费的……赶紧退了吧……太影响购物体验了……
	
#山姆试吃官[话题]# #一吃一个不吱声儿[话题]# #山姆插队[话题]#",,1764076570000,1764076570000,661f3320000000000b03059c,面包精灵🧚,https://sns-avatar-qc.xhscdn.com/avatar/1040g2jo31l4g5k08jq5g5pgv6cg2u1csg6ncjc0,2.6万,2305,397,360,,"http://sns-webpic-qc.xhscdn.com/202601281142/2cdf33803685666aae001c1c0550bff0/note_pre_post_uhdr/1040g3r831paf7hiv24cg5pgv6cg2u1cs79mph0o!nd_dft_wlteh_webp_3,http://sns-webpic-qc.xhscdn.com/202601281142/6d1f9fd8e4a4e106ee6a87da47f73842/note_pre_post_uhdr/1040g3r831paf7hiv24805pgv6cg2u1css7dvmlg!nd_dft_wlteh_webp_3,http://sns-webpic-qc.xhscdn.com/202601281142/32db0fcd723e9548918c9c69dbd6f1fd/note_pre_post_uhdr/1040g3r831paf7hiv249g5pgv6cg2u1csrr2d6hg!nd_dft_wlteh_webp_3,http://sns-webpic-qc.xhscdn.com/202601281142/535ccde268ec989e9cc8a25f3a5b8968/note_pre_post_uhdr/1040g3r831paf7hiv24a05pgv6cg2u1csed0acmg!nd_dft_wlteh_webp_3,http://sns-webpic-qc.xhscdn.com/202601281142/34e43e4b88082f254deb4fb0d5f7c587/note_pre_post_uhdr/1040g3r831paf7hiv24d05pgv6cg2u1csqfa0bvg!nd_dft_wlteh_webp_3,http://sns-webpic-qc.xhscdn.com/202601281142/a67e7d5b7681f0872a5bc33e325abac8/note_pre_post_uhdr/1040g3r831paf7hiv24ag5pgv6cg2u1cs5efjeg8!nd_dft_wlteh_webp_3,http://sns-webpic-qc.xhscdn.com/202601281142/ebfb5d675671d651142447be914c3d67/note_pre_post_uhdr/1040g3r831paf7hiv24b05pgv6cg2u1csog9mbqg!nd_dft_wlteh_webp_3,http://sns-webpic-qc.xhscdn.com/202601281142/bf238fed519d0cc83e6a05739be8468f/note_pre_post_uhdr/1040g3r831paf7hiv24705pgv6cg2u1cs5nuk5ag!nd_dft_wlteh_webp_3,http://sns-webpic-qc.xhscdn.com/202601281142/9a86fd9d957e6176ba588e991a5759cc/note_pre_post_uhdr/1040g3r831paf7hiv24bg5pgv6cg2u1cs11om168!nd_dft_wlteh_webp_3,http://sns-webpic-qc.xhscdn.com/202601281142/0429e971acbd88c823cc7df0e435cf8e/note_pre_post_uhdr/1040g3r831paf7hiv24dg5pgv6cg2u1cs3lanaso!nd_dft_wlteh_webp_3,http://sns-webpic-qc.xhscdn.com/202601281142/a5475ab46781a183763842484d942b6a/note_pre_post_uhdr/1040g3r831paf7hiv24c05pgv6cg2u1cs7hrfuj8!nd_dft_wlteh_webp_3","山姆试吃官,一吃一个不吱声儿,山姆插队",1769571815534,https://www.xiaohongshu.com/explore/6925ac1a000000001d03c6cd?xsec_token=ABc6sUO9unxLSvWePTiNDEHkRWzA-lY9upkiYZhv5oX_o=&xsec_source=pc_search,山姆排队,ABc6sUO9unxLSvWePTiNDEHkRWzA-lY9upkiYZhv5oX_o=
69568fcf000000002102b0b7,normal,天津的山姆我求求了你太离谱了,"比昨天跨年世纪钟人都多吧[抓狂R][抓狂R][抓狂R]#天津山姆[话题]# #山姆超市[话题]#
走都走不动啊 排队进门一小时",,1767280591000,1767317329000,58a50d8c6a6a6919b11c152d,小宝宝彤酱,https://sns-avatar-qc.xhscdn.com/avatar/1040g2jo31m9d7vcb5800495d9l6oo59df05ons0,530,101,595,1491,天津,"http://sns-webpic-qc.xhscdn.com/202601281142/305960a54762775ffd0645a1dfa858a7/note_pre_post_uhdr/1040g3r031qq78gadga00495d9l6oo59dmu72r78!nd_dft_wlteh_webp_3,http://sns-webpic-qc.xhscdn.com/202601281142/5760952b9d91127228dba013fc6fd931/note_pre_post_uhdr/1040g3r031qq78gadga0g495d9l6oo59d6bhlrm0!nd_dft_wgth_webp_3","天津山姆,山姆超市",1769571815541,https://www.xiaohongshu.com/explore/69568fcf000000002102b0b7?xsec_token=ABB72cN58JtQgFUEVg86QM-FvgqS2r0vG0vv89Gn_r6yY=&xsec_source=pc_search,山姆排队,ABB72cN58JtQgFUEVg86QM-FvgqS2r0vG0vv89Gn_r6yY=
6970bc39000000002203268d,normal,"南昌山姆
排队买苹果17[笑哭R]","南昌山姆
排队买苹果17[笑哭R]",,1768995897000,1768995897000,5867824882ec390f622c4a03,只吃一碗_,https://sns-avatar-qc.xhscdn.com/avatar/5d23f15a772f2d00014d8afe.jpg,428,84,281,2066,江西,"http://sns-webpic-qc.xhscdn.com/202601281142/5356feac772fa844e822e414d48929d0/notes_uhdr/1040g3qg31rjp7020ia00490jjp14gig38ttr5io!nd_dft_wlteh_webp_3,http://sns-webpic-qc.xhscdn.com/202601281142/435c979c33fc519c98929a4a1ea66f37/notes_uhdr/1040g3qg31rjp7020ia0g490jjp14gig36428ji8!nd_dft_wlteh_webp_3",,1769571815543,https://www.xiaohongshu.com/explore/6970bc39000000002203268d?xsec_token=ABek0-8rHoDjVGsXaXs0DOg6OivXCKyMVExmyySxNBzx0=&xsec_source=pc_search,山姆排队,ABek0-8rHoDjVGsXaXs0DOg6OivXCKyMVExmyySxNBzx0=
6791078e000000001701fb83,normal,南昌山姆疯狂补货中…,晚上十点陆陆续续的大中小型货车排队进站，今年营业额增量估计起飞了🛫,,1737557902000,1737557902000,6268949700000000210203e0,鲨鱼辣椒,https://sns-avatar-qc.xhscdn.com/avatar/1040g2jo317r65j1r44005oj8iiboc0v0heour6g,265,24,173,319,,http://sns-webpic-qc.xhscdn.com/202601281142/8f06b6d6d1f29a12a4896f25d70fea0f/1040g00831cvadall0s005oj8iiboc0v0t0sp26g!nd_dft_wlteh_webp_3,,1769571815549,https://www.xiaohongshu.com/explore/6791078e000000001701fb83?xsec_token=ABHsohsOYTnumXnBbf3y7k8T0_RI_IiaMH9jKvVQZ1NHY=&xsec_source=pc_search,山姆排队,ABHsohsOYTnumXnBbf3y7k8T0_RI_IiaMH9jKvVQZ1NHY=
696b54c0000000001a0238dc,normal,天河三溪山姆真的是疯了）排队那么久,"从来没有周末排队这么久
去山姆也是祛魅了！质量越来越差！
#三溪山姆[话题]# #山姆[话题]# #山姆超市[话题]#",,1768641728000,1768642221000,627fa6ba000000002102200a,荔枝烦烦,https://sns-avatar-qc.xhscdn.com/avatar/1040g2jo31p8k0l9a2o705ojvkqt8c80aajh4tjg,146,27,155,575,广东,"http://sns-webpic-qc.xhscdn.com/202601281142/7ec91ab9bdcd0ab5f719fe3accf16251/notes_uhdr/1040g3qo31regarig00705ojvkqt8c80agnpf7qo!nd_dft_wlteh_webp_3,http://sns-webpic-qc.xhscdn.com/202601281142/ff3b7ac40ee00b4bc191783e8268087d/notes_uhdr/1040g3qo31regarig007g5ojvkqt8c80a7j8vsp8!nd_dft_wlteh_webp_3","三溪山姆,山姆,山姆超市",1769571815555,https://www.xiaohongshu.com/explore/696b54c0000000001a0238dc?xsec_token=ABY16yXbIeiy6kWQEEDPd0QlCB-X_iNM_xGGMT0BB2sa4=&xsec_source=pc_search,山姆排队,ABY16yXbIeiy6kWQEEDPd0QlCB-X_iNM_xGGMT0BB2sa4=
67944f0d000000001801ade7,video,大连山姆 10:37分,排了快一小时进来了 二楼依然排队[笑哭R] 给各位来买东西的参考下人流，你们在外面停车的都别急，里面也得排,http://sns-video-al.xhscdn.com/stream/1/110/259/01e7944f0d0632c901037003949b550b4c_259.mp4,1737772813000,1737772814000,5749743e6a6a696637b5648e,瞧瞧乔,https://sns-avatar-qc.xhscdn.com/avatar/1040g2jo310appr9lme0048cr21q3sp4eg66a0hg,129,36,134,1229,,http://sns-webpic-qc.xhscdn.com/202601281142/243aae7b4eabcbf5e88d567f53c9f3a5/1040g00831d2gsidhgu7048cr21q3sp4e06l5vr0!nd_dft_wlteh_webp_3,,1769571815559,https://www.xiaohongshu.com/explore/67944f0d000000001801ade7?xsec_token=ABm2_NdqlQc4PSb9nndctSawPnJhnIR-WgFf_QmLI27Cw=&xsec_source=pc_search,山姆排队,ABm2_NdqlQc4PSb9nndctSawPnJhnIR-WgFf_QmLI27Cw=
69748285000000000a032894,normal,山姆爆满绕湖中,"萧山山姆关闭了从地下停车场到入口的全部上行电梯，为了限流，电梯的前后全都设置了铁栅栏，让人绕着排队
#人人人人人[话题]#
#萧山山姆[话题]#
#山姆限流[话题]#",,1769243269000,1769243344000,5ba870315883b200012a8c56,朋友好吃😋,https://sns-avatar-qc.xhscdn.com/avatar/1040g2jo31nen4vn54u004b4qv8o3332mhmoho9o,129,16,228,1143,浙江,"http://sns-webpic-qc.xhscdn.com/202601281142/e8cfebb9dcbd101b243f2c57fec34f7e/1040g00831rnf3mf2i2004b4qv8o3332mdmp7nt0!nd_dft_wlteh_webp_3,http://sns-webpic-qc.xhscdn.com/202601281142/133614867f7be505ee5c67a997822e44/1040g00831rnf3mf2i20g4b4qv8o3332mo32htig!nd_dft_wlteh_webp_3","人人人人人,萧山山姆,山姆限流",1769571815563,https://www.xiaohongshu.com/explore/69748285000000000a032894?xsec_token=ABUufGPaZvyQEXZqy2Frldl2kvRpvYlWj5oZx4KBjYujw=&xsec_source=pc_search,山姆排队,ABUufGPaZvyQEXZqy2Frldl2kvRpvYlWj5oZx4KBjYujw=
696b3a56000000001a02ceb8,normal,南昌山姆,南昌一半的人都来山姆了吧[石化R][石化R][石化R],,1768634966000,1768634966000,669687c2000000000f0369c7,三拾,https://sns-avatar-qc.xhscdn.com/avatar/1040g2jo31pr8v41ala6g5pkmgv13uqe7ahs422o,125,16,289,1241,江西,"http://sns-webpic-qc.xhscdn.com/202601281142/356508ee740f9ab8a171599adf13e011/notes_pre_post/1040g3k831red3lojnudg5pkmgv13uqe75o61228!nd_dft_wlteh_webp_3,http://sns-webpic-qc.xhscdn.com/202601281142/39d286c4428d6e2d7982de16c8a983e6/notes_pre_post/1040g3k831red3lojnud05pkmgv13uqe7gb1sd3o!nd_dft_wlteh_webp_3",,1769571815567,https://www.xiaohongshu.com/explore/696b3a56000000001a02ceb8?xsec_token=ABY16yXbIeiy6kWQEEDPd0QiNSmvHkRO7xboocIxp81Q4=&xsec_source=pc_search,山姆排队,ABY16yXbIeiy6kWQEEDPd0QiNSmvHkRO7xboocIxp81Q4=
69563644000000002102a47a,normal,石景山山姆排出了好几里地,昨天晚上去的时候人烟稀少，还感叹估计都去外地玩了。结果……今天下午再去的时候，连门都没进，看见外面浩浩荡荡的排队场景，直接吓退了。幸亏那会儿路途想上厕所，找了个附近的公厕解决了[笑哭R]#石景山山姆[话题]# #山姆[话题]##浪漫生活的记录者[话题]#,,1767257668000,1767258089000,62a2d972000000001000d11d,爱桐爱馨,https://sns-avatar-qc.xhscdn.com/avatar/1040g2jo31mpgorer5i605ol2r5p41k8t8frl1co,121,20,124,590,北京,"http://sns-webpic-qc.xhscdn.com/202601281143/4d079b8b2bd395e4d6d585986d8176f9/note_pre_post_uhdr/1040g3r031qps81qv0a5g5ol2r5p41k8tb8mebe0!nd_dft_wgth_webp_3,http://sns-webpic-qc.xhscdn.com/202601281143/645798183c41fd34f37b126917a7d858/note_pre_post_uhdr/1040g3r031qps81qv0a405ol2r5p41k8tqsesu8g!nd_dft_wlteh_webp_3,http://sns-webpic-qc.xhscdn.com/202601281143/3a63e288114fd1e80bec4c135b892cdf/note_pre_post_uhdr/1040g3r031qps81qv0a505ol2r5p41k8tdf5cjc0!nd_dft_wlteh_webp_3,http://sns-webpic-qc.xhscdn.com/202601281143/80181d28b86f1a85af259dcdbeb6488e/note_pre_post_uhdr/1040g3r031qps81qv0a305ol2r5p41k8t5h75fio!nd_dft_wlteh_webp_3","石景山山姆,山姆,浪漫生活的记录者",1769571815572,https://www.xiaohongshu.com/explore/69563644000000002102a47a?xsec_token=ABB72cN58JtQgFUEVg86QM-JHTPFvNK1a4PA8lRT1z4Jk=&xsec_source=pc_search,山姆排队,ABB72cN58JtQgFUEVg86QM-JHTPFvNK1a4PA8lRT1z4Jk=
691b20600000000007023a49,normal,不是山姆会员本人不给结账喔！,扬州山姆排队结账的人山人海，注意了，不是山姆会员本人在现场是不给结账的！注意⚠️注意⚠️登陆别人的卡不给结账喔！,,1763385440000,1763385441000,5b12962a4eacab40f37dd7be,向上up女青年,https://sns-avatar-qc.xhscdn.com/avatar/653de8975677d96bb5d540d1.jpg,99,21,273,189,,http://sns-webpic-qc.xhscdn.com/202601281143/bedf0c3c834744d3e7fc47ffb80c91c8/notes_pre_post/1040g3k831p05sgkb2c704a5se0b2lltuhdum94o!nd_dft_wlteh_webp_3,,1769571815576,https://www.xiaohongshu.com/explore/691b20600000000007023a49?xsec_token=ABUWDRDcRpGdzJ7z44PcO58Q6pkPUYb1SVzUjmXMg9ip0=&xsec_source=pc_search,山姆排队,ABUWDRDcRpGdzJ7z44PcO58Q6pkPUYb1SVzUjmXMg9ip0=
67f0fb2e000000000f03925a,normal,珠海山姆沦陷了,"行人排队预20分钟吧
	
#珠海山姆[话题]#  #排隊[话题]# #看看这人多不多[话题]# #哪里都是人[话题]# #真是人从众呀[话题]#",,1743846190000,1743846190000,666bfc9400000000070068ad,爱分享的程序员,https://sns-avatar-qc.xhscdn.com/avatar/1040g2jo31ftisnbrgg005pjbvia1oq5dd5q5hl8,95,13,91,470,,http://sns-webpic-qc.xhscdn.com/202601281143/e960cef5f131f54c57d5b4b6078837a3/1040g00831ft0srvggi005pjbvia1oq5daiisi2g!nd_dft_wlteh_webp_3,"珠海山姆,排隊,看看这人多不多,哪里都是人,真是人从众呀",1769571815584,https://www.xiaohongshu.com/explore/67f0fb2e000000000f03925a?xsec_token=AB2CcsJqnfgfbUJVIS2fHkPOa4h7D5-S6XkWHGYRgcR8Q=&xsec_source=pc_search,山姆排队,AB2CcsJqnfgfbUJVIS2fHkPOa4h7D5-S6XkWHGYRgcR8Q=
693bc610000000001f00d05d,normal,今日大连山姆,感觉今天人就多，果不其然，草莓蛋糕排队比我想象中快，排到我正好[耶R],,1765525008000,1765525009000,56584abf589de31378a8be11,猪太太🍑🍓💄👗👠,https://sns-avatar-qc.xhscdn.com/avatar/63b24848bd4a8a401aedea7a.jpg,92,14,97,87,,"http://sns-webpic-qc.xhscdn.com/202601281143/e1e4b9429eeba465da0b6ff8571c22c7/1040g00831q0232t07u6g43ar8m5bvfghj29mfm0!nd_dft_wlteh_webp_3,http://sns-webpic-qc.xhscdn.com/202601281143/959d9c64e1aa0c521d9a3b7374d17a52/1040g2sg31q0232t07u7043ar8m5bvfghmc9ob1o!nd_dft_wlteh_webp_3,http://sns-webpic-qc.xhscdn.com/202601281143/7b5b68189ae9d6cb799cfec16affd72b/1040g2sg31q0232t07u7g43ar8m5bvfgh5fivl0g!nd_dft_wlteh_webp_3,http://sns-webpic-qc.xhscdn.com/202601281143/ef9cf17327a5c0c83ddf1f0bbe9674c9/1040g2sg31q0232t07u8043ar8m5bvfgh1tmhk4g!nd_dft_wlteh_webp_3,http://sns-webpic-qc.xhscdn.com/202601281143/a614c08531d293fca96f3e1e4acac601/1040g2sg31q0232t07u8g43ar8m5bvfgh7j0ugoo!nd_dft_wlteh_webp_3,http://sns-webpic-qc.xhscdn.com/202601281143/03e26005cb29dab476668710e9339e37/1040g2sg31q0232t07u9043ar8m5bvfghjue6jag!nd_dft_wlteh_webp_3,http://sns-webpic-qc.xhscdn.com/202601281143/7def393918ee57d7ae4f4b944e1ccc52/1040g2sg31q0232t07u9g43ar8m5bvfghp326c8g!nd_dft_wlteh_webp_3,http://sns-webpic-qc.xhscdn.com/202601281143/d612b699e9c55b0fd6268640554ed5c9/1040g2sg31q0232t07ua043ar8m5bvfghq5sggog!nd_dft_wlteh_webp_3,http://sns-webpic-qc.xhscdn.com/202601281143/9c96515f41a7d34304fe0dd468e418de/1040g2sg31q0232t07uag43ar8m5bvfghskufle0!nd_dft_wlteh_webp_3,http://sns-webpic-qc.xhscdn.com/202601281143/05a12ec0864acbf4519dfdf06cd67336/1040g2sg31q0232t07ub043ar8m5bvfghag9q4uo!nd_dft_wlteh_webp_3,http://sns-webpic-qc.xhscdn.com/202601281143/419013b3fea03d5eb01e22ba820c8688/1040g2sg31q0232t07ubg43ar8m5bvfghks1rdl0!nd_dft_wlteh_webp_3,http://sns-webpic-qc.xhscdn.com/202601281143/43922c1f0d31afe3f28f54f4fe36525e/1040g2sg31q0232t07uc043ar8m5bvfghagh92f0!nd_dft_wlteh_webp_3,http://sns-webpic-qc.xhscdn.com/202601281143/b3d3390f1530ed89eca90e0f75c2c06c/1040g2sg31q0232t07ucg43ar8m5bvfghj55lvbo!nd_dft_wlteh_webp_3",,1769571815593,https://www.xiaohongshu.com/explore/693bc610000000001f00d05d?xsec_token=ABmU1-h23e_iJhu0RPaac4yI13V_1sqBE6O1Y8JJz7W_c=&xsec_source=pc_search,山姆排队,ABmU1-h23e_iJhu0RPaac4yI13V_1sqBE6O1Y8JJz7W_c=
69749ed5000000001a0254a4,video,山姆！颠了！,"萧山山姆
人太多了
排这么长的队
几个入口都被攻占了",http://sns-video-al.xhscdn.com/stream/79/110/259/01e9749ed59e3a60010370039bef8cc6f4_259.mp4,1769250517000,1769250518000,5b91dd9a607c1400012d359f,IIIII皮耶,https://sns-avatar-qc.xhscdn.com/avatar/1040g2jo31r8aumdcga004armo6epkdcv1tm3ico,75,18,86,996,浙江,http://sns-webpic-qc.xhscdn.com/202601281143/a1b3b80a12bb1894bff2869d09c08e62/1040g00831rnihotvis004armo6epkdcvtnfusr0!nd_dft_wlteh_webp_3,,1769571815597,https://www.xiaohongshu.com/explore/69749ed5000000001a0254a4?xsec_token=ABUufGPaZvyQEXZqy2Frldl8Xvboz7sgiRyjvUtcWV9Ow=&xsec_source=pc_search,山姆排队,ABUufGPaZvyQEXZqy2Frldl8Xvboz7sgiRyjvUtcWV9Ow=
6968ee64000000001a03442d,normal,大家都不爱逛山姆了吗？,"今天过来山姆都没啥人，试吃也都不需要排队了
是工作日都在上班，还是现在大家都不爱逛山姆了吗？
#山姆[话题]# #山姆新品[话题]# #山姆好物[话题]# #山姆超市[话题]# #山姆零食[话题]# #山姆降价[话题]# #喜欢逛超市[话题]# #物价[话题]# #我爱逛超市[话题]#",,1768484452000,1768484452000,693b8c03000000003702c187,宝妈葛漂亮,https://sns-avatar-qc.xhscdn.com/avatar/1040g2jo31q4rbvsv7o5g5q9rhg1ttgc798fvlk0,73,41,,,上海,"http://sns-webpic-qc.xhscdn.com/202601281143/b4b1d80925ea7c319d93944aaa745c21/notes_pre_post/1040g3k031rc56qkeg0005q9rhg1ttgc79pr5qso!nd_dft_wlteh_webp_3,http://sns-webpic-qc.xhscdn.com/202601281143/884f058556ff8cfcbc3d997cfc46ea9a/notes_pre_post/1040g3k031rc56r367u5g5q9rhg1ttgc71njmr30!nd_dft_wlteh_webp_3","山姆,山姆新品,山姆好物,山姆超市,山姆零食,山姆降价,喜欢逛超市,物价,我爱逛超市",1769571815601,https://www.xiaohongshu.com/explore/6968ee64000000001a03442d?xsec_token=ABGcsd_bKPGERSdhTDU8cVYcMth4TVWrt3kiSrMA5g72Y=&xsec_source=pc_search,山姆排队,ABGcsd_bKPGERSdhTDU8cVYcMth4TVWrt3kiSrMA5g72Y=
69465b42000000001d0380b8,normal,山姆，一个能让超多会员排队的超市,"今天的山姆浦东东店，停好车进超市，也要排队半小时。。。。
那么多会员，竟然没有意见？？？#人人从从众众𠈌𠈌[话题]# #逛超市的日常[话题]#",,1766218562000,1766218563000,54852957e779891e22980236,巧克力冰淇淋🍦,https://sns-avatar-qc.xhscdn.com/avatar/1000g2jo2pi2gklsk4000400qspkle0hmko06l38,70,10,154,414,,"http://sns-webpic-qc.xhscdn.com/202601281143/23064404ccb3975282c9137b45f27454/notes_uhdr/1040g3qg31qacs8c5n00g400qspkle0hmfj0qcgg!nd_dft_wlteh_webp_3,http://sns-webpic-qc.xhscdn.com/202601281143/f7caa8c1e1163c62a1244e224d12f437/notes_uhdr/1040g3qg31qacs8c5n000400qspkle0hmdt8tpv0!nd_dft_wlteh_webp_3","人人从从众众𠈌𠈌,逛超市的日常",1769571815607,https://www.xiaohongshu.com/explore/69465b42000000001d0380b8?xsec_token=ABLJJsEkoeezNO_2xgh-yP5IK0mR0ePzy0Wn6pbh46mh4=&xsec_source=pc_search,山姆排队,ABLJJsEkoeezNO_2xgh-yP5IK0mR0ePzy0Wn6pbh46mh4=
696b51c0000000000c034a33,normal,南宁山姆今天到底来了多少人！,"车都停不进去，出来也堵车，我都把车停到对面万达广场了
#山姆[话题]# #山姆超市[话题]# #南宁山姆[话题]# #哪里都是人[话题]# #南宁[话题]#",,1768640960000,1768640961000,5c64507f000000001000eedc,生椰拿铁,https://sns-avatar-qc.xhscdn.com/avatar/1040g2jo31cc26vipg8005n34a1vk1rmstcvvp3o,62,8,114,286,广西,"http://sns-webpic-qc.xhscdn.com/202601281143/b4cd4e8a931d71abead47add5a4d5ac9/notes_uhdr/1040g3qo31reftahi70705n34a1vk1rmsvvksqh0!nd_dft_wlteh_webp_3,http://sns-webpic-qc.xhscdn.com/202601281143/c3368716928b0c41abf25004dec86228/notes_uhdr/1040g3qo31reftahi707g5n34a1vk1rms4rhpm2o!nd_dft_wlteh_webp_3,http://sns-webpic-qc.xhscdn.com/202601281143/99fc3c7302dac19b3ac00e576251a3f0/notes_uhdr/1040g3qo31reftahi70805n34a1vk1rms79lsvn8!nd_dft_wlteh_webp_3,http://sns-webpic-qc.xhscdn.com/202601281143/07b4db8f9d30f89e47bd0cd12517e417/notes_uhdr/1040g3qo31reftahi708g5n34a1vk1rmspu83hrg!nd_dft_wlteh_webp_3,http://sns-webpic-qc.xhscdn.com/202601281143/1817023de6c3c2e41a18c3bf60c16645/notes_uhdr/1040g3qo31reftahi70905n34a1vk1rmshht1sd0!nd_dft_wlteh_webp_3,http://sns-webpic-qc.xhscdn.com/202601281143/34791a97094dcf70748407e9d877fe56/notes_uhdr/1040g3qo31reftahi709g5n34a1vk1rms1aphcmo!nd_dft_wlteh_webp_3","山姆,山姆超市,南宁山姆,哪里都是人,南宁",1769571815613,https://www.xiaohongshu.com/explore/696b51c0000000000c034a33?xsec_token=ABY16yXbIeiy6kWQEEDPd0QrIeudQ9sevs7kbbml_GiOk=&xsec_source=pc_search,山姆排队,ABY16yXbIeiy6kWQEEDPd0QrIeudQ9sevs7kbbml_GiOk=
67efa35e000000001c01c46f,normal,山姆排队,放假果然人多！分享一个不用排队的小妙招，直接商场电梯下地下停车场，从地下停车场直接扶梯进去#排队[话题]# #山姆[话题]# #山姆排队[话题]# #广州天河美林山姆[话题]#,,1743758175000,1743758274000,6517c881000000002402f5f0,包子的日常🤩,https://sns-avatar-qc.xhscdn.com/avatar/659a7d44c67a69cdb739f3d8.jpg,56,39,19,139,,"http://sns-webpic-qc.xhscdn.com/202601281143/3a32a083fe809fb99f034c6fb24fee55/1040g2sg31frmtst4gc705p8np20p5tfgq2gft1o!nd_dft_wlteh_webp_3,http://sns-webpic-qc.xhscdn.com/202601281143/8f8eb5a32da911925389599a7b468a55/1040g2sg31frmtst4gc7g5p8np20p5tfgmnqutpg!nd_dft_wlteh_webp_3,http://sns-webpic-qc.xhscdn.com/202601281143/71dedfc514475eb98d75a2570b21a211/1040g2sg31frmtst4gc805p8np20p5tfgobj09bg!nd_dft_wlteh_webp_3","排队,山姆,山姆排队,广州天河美林山姆",1769571815621,https://www.xiaohongshu.com/explore/67efa35e000000001c01c46f?xsec_token=ABHKHgj4eqeznArzmCHaxDhwxo9Lk3LhQ-Rd7c8lD2Z0A=&xsec_source=pc_search,山姆排队,ABHKHgj4eqeznArzmCHaxDhwxo9Lk3LhQ-Rd7c8lD2Z0A=
6940d775000000001b020ded,video,唐镇山姆开业的一万个人排队抢烤鸡,唐镇山姆今天开业，人山人海，一万个人都在排队抢这个烤鸡#唐镇山姆[话题]# #山姆[话题]#,http://sns-video-al.xhscdn.com/stream/79/110/259/01e940d7116050fb010370039b2549b56c_259.mp4,1765857141000,1765857141000,5d254a21000000001000eccb,佑佑大王,https://sns-avatar-qc.xhscdn.com/avatar/1040g2jo31rp3t4tp2g605n9598gk1r6bqtftoho,54,7,104,1232,,http://sns-webpic-qc.xhscdn.com/202601281143/fd6396d13c1d10dbe67df60e8b76d9fe/1040g00831q50foi20a6g5n9598gk1r6b1lhd6gg!nd_dft_wgth_webp_3,"唐镇山姆,山姆",1769571815625,https://www.xiaohongshu.com/explore/6940d775000000001b020ded?xsec_token=ABHbJEmvpIdIeRMFa7r6Rvf4w5pXtSHf06-27ugHX5miI=&xsec_source=pc_search,山姆排队,ABHbJEmvpIdIeRMFa7r6Rvf4w5pXtSHf06-27ugHX5miI=
6975ce96000000000a02c8fa,normal,杭州山姆国补5000不到拿下iphone17,"杭州西子丁兰广场的山姆本周末终于参与国补了!估计是和萧山开市客竞争起来了(开市客前几周就可以用国补)
	
购买流程分享：
[一R]早上9点前打电话询问库存，就被告知已经有人在排队了，9:40出发门店，发现已经在排长队了，最终11:30买单(排队2小时终于拿下[新月R]）
[二R]店里库存极少，展示台会显示颜色和剩余库存，排队的时候都不确定自己能不能拿到想要的颜色，就让工作人员统计下，不然根本没有必要浪费时间排队，工作人员接受建议，逐个询问排队会员想要的颜色，也会告知后面的人只剩下什么颜色，最后好在买到了自己想要的颜色
[三R]需要出示山姆会员卡，云闪付国补核销码，云闪付付款码，5589-500国补，实付5089
[四R]工作人员现场开机激活，核对SN号，最后再关机给客户
[五R]使用卓越会员，返利了2%回馈金，工作人员告知民生信用卡不能叠加国补，因此没有民生的2%（存疑，为什么不能叠加）
攻略：
[一R]提前打电话询问门店是否参与国补（西溪门店似乎就不参加）
[二R]同时电话确认下确认库存
[三R] 尽早出发门店，排队人很多，很有可能买不到自己想买的颜色
[四R]准备云闪付62开头的卡
[五R]如果有卓越会员返点2%，可以再省110
#山姆[话题]# #国补[话题]# #iphone17[话题]# #杭州山姆[话题]# #苹果17[话题]#",,1769328278000,1769329589000,5cc15bf3000000001201c3d4,kekeke,https://sns-avatar-qc.xhscdn.com/avatar/619a54b15e63c26902c017f0.jpg,49,20,37,158,浙江,"http://sns-webpic-qc.xhscdn.com/202601281143/0746b453650f71b7fa707ee0a12ea51c/notes_pre_post/1040g3k831rong4pji8705n61bfpkjguk50br3j0!nd_dft_wlteh_webp_3,http://sns-webpic-qc.xhscdn.com/202601281143/ba140804ebcdf28b69b76af6714b7df8/notes_pre_post/1040g3k831rong4pji88g5n61bfpkjgukab75978!nd_dft_wlteh_webp_3","山姆,国补,iphone17,杭州山姆,苹果17",1769571815628,https://www.xiaohongshu.com/explore/6975ce96000000000a02c8fa?xsec_token=ABGgHRpZ-0tvscE1cX9OW4SX-qFyM2ERQqFagv0Rb1rVQ=&xsec_source=pc_search,山姆排队,ABGgHRpZ-0tvscE1cX9OW4SX-qFyM2ERQqFagv0Rb1rVQ=
69743fe1000000000e03d804,normal,ip17山姆优价，排队一小时,一大早跑到超市去，还好终于等到了。山姆卓越会员，还能返现。有需要的联系我，大家快来薅羊毛#iPhone17系列[话题]# #国补[话题]# #山姆[话题]# #薅羊毛啦[话题]#,,1769226209000,1769226209000,596df38450c4b4339d313a6e,iam,https://sns-avatar-qc.xhscdn.com/avatar/1040g2jo314qki5om1c0049mb7jpo8eje8l18bfg,46,16,99,177,四川,"http://sns-webpic-qc.xhscdn.com/202601281143/ecb9da0c3d1da95b31afe8bdc6381cc3/notes_uhdr/1040g3qo31rn71aghis7g49mb7jpo8ejen2qgk08!nd_dft_wgth_webp_3,http://sns-webpic-qc.xhscdn.com/202601281143/49d57a79693d880f8dbb88bb8d3501c7/1040g00831rn6i2siis0049mb7jpo8ejejckk6hg!nd_dft_wlteh_webp_3,http://sns-webpic-qc.xhscdn.com/202601281143/900c9eb6604d8efc8d192b2537f3815d/notes_uhdr/1040g3qo31rn71aghis7049mb7jpo8ejeaj9kfk8!nd_dft_wlteh_webp_3","iPhone17系列,国补,山姆,薅羊毛啦",1769571815632,https://www.xiaohongshu.com/explore/69743fe1000000000e03d804?xsec_token=ABUufGPaZvyQEXZqy2Frldl8gr9wcAEXk-tWKpsD-JG98=&xsec_source=pc_search,山姆排队,ABUufGPaZvyQEXZqy2Frldl8gr9wcAEXk-tWKpsD-JG98=
691ff57a000000000d035b4e,video,盛大开业，早上10点半排队2小时了,"#昌平山姆开业[话题]##昌平山姆[话题]# #昌平山姆开业[话题]#
好多人在排队了，地下停车场也限流了，进门很堵，等很久。我9:14进去的时候不怎么排队，但都是大爷大妈。排骨很便宜大爷大妈都在很热烈的挑出最好的带回家。我觉得不排队还是可以来的！",http://sns-video-al.xhscdn.com/stream/1/110/259/01e91ff4752a9231010370039aa4d7585b_259.mp4,1763702138000,1763702499000,5c124415f7e8b957900d0ee5,狸花咪的乐嘻嘻,https://sns-avatar-qc.xhscdn.com/avatar/619a5996c2300562acf84b98.jpg,45,9,35,188,,http://sns-webpic-qc.xhscdn.com/202601281145/b72f847126821da6a3688bdf9301873e/1040g2sg31p4sqhl43ce04bv1rl21a3n5mpmj14o!nd_dft_wlteh_webp_3,"昌平山姆开业,昌平山姆",1769571986830,https://www.xiaohongshu.com/explore/691ff57a000000000d035b4e?xsec_token=ABrMHwFczUaVQgBuF2rsL9xbVk6gE7jMdy7Arj5Bdd7Go=&xsec_source=pc_search,山姆排队,ABrMHwFczUaVQgBuF2rsL9xbVk6gE7jMdy7Arj5Bdd7Go=
69563343000000002203b327,normal,避雷 2026年1月1日山姆现况 🫨🫨,在搞什么行为艺术 人都排队排到停车场了 是排了两三层楼哎 关键是停车场空位比我平时逛的时候还多 怎么这些排队的都是坐大巴车来的么 还是山姆在搞限流啊～[石化R][石化R] #南京[话题]# #山姆[话题]# #人人从从众众𠈌𠈌[话题]# #人人人从从从众众众[话题]# #逛超市的日常[话题]#,,1767256899000,1767256900000,54dc1eb4e779896176e227d8,🐝 迷人の反派,https://sns-avatar-qc.xhscdn.com/avatar/1040g2jo31brfblksh00g401b2vfb89uo0cjn93o,35,11,82,409,江苏,"http://sns-webpic-qc.xhscdn.com/202601281145/f25b36bdec4bc15480fb599dbfc48ef3/notes_uhdr/1040g3qo31qps01rj7u00401b2vfb89uo8je6ve0!nd_dft_wgth_webp_3,http://sns-webpic-qc.xhscdn.com/202601281145/72de2fb3978b626db6d08d3d89928055/notes_uhdr/1040g3qo31qps01rj7u0g401b2vfb89uoadinab8!nd_dft_wgth_webp_3","南京,山姆,人人从从众众𠈌𠈌,人人人从从从众众众,逛超市的日常",1769571986836,https://www.xiaohongshu.com/explore/69563343000000002203b327?xsec_token=ABB72cN58JtQgFUEVg86QM-K2iTc0ycibfXbt7ryr1LG8=&xsec_source=pc_search,山姆排队,ABB72cN58JtQgFUEVg86QM-K2iTc0ycibfXbt7ryr1LG8=
629f510c000000001d01a147,video,工作日🉐山姆依旧大排长队|,,http://sns-video-al.xhscdn.com/pre_post/01e29f50f36bef1e01037003813e559b24_259.mp4,1654608140000,1654608141000,557226d43f0f3c5cd6965222,小王王王阿姨,https://sns-avatar-qc.xhscdn.com/avatar/1040g2jo31ehapjcp0s0040ojagjd8kh2elaebto,35,7,2,,,http://sns-webpic-qc.xhscdn.com/202601281145/e8fd1a150da060ae135c7ec94954d09e/010267013njfdzen7z60119t2q00alhrdy!nd_dft_wlteh_webp_3,,1769571986840,https://www.xiaohongshu.com/explore/629f510c000000001d01a147?xsec_token=AB5suEbXhXJpoEa4FjAwDJdPNze8lrdXqCvpy3ejvNbjk=&xsec_source=pc_search,山姆排队,AB5suEbXhXJpoEa4FjAwDJdPNze8lrdXqCvpy3ejvNbjk=
6940eb04000000000d00cd01,normal,唐镇山姆里面像春运，全是人，不要钱似的,上午10点左右，全是人了，华东路排队车辆交警已管控。里面像春运，拿了一盒草莓蛋糕，撤了。#上海[话题]# #山姆[话题]# #唐镇山姆[话题]# #我爱逛超市[话题]# #到处都是人[话题]# #人从众模式[话题]# #一个人逛超市[话题]#,,1765862148000,1765862148000,63bd7300000000002702ba6b,大鱼子酱酱,https://sns-avatar-qc.xhscdn.com/avatar/1040g2jo31dfai65jgk605ottec09tejbq70di40,34,8,56,144,,"http://sns-webpic-qc.xhscdn.com/202601281145/6eb6579550709c098db43c695cbc7a0d/notes_pre_post/1040g3k831q52kmg3nud05ottec09tejbnlhs888!nd_dft_wlteh_webp_3,http://sns-webpic-qc.xhscdn.com/202601281145/305ea4b7ccdcd7563d9bd9f4b81a00c4/notes_pre_post/1040g3k831q52kmg3nuc05ottec09tejbvdusukg!nd_dft_wlteh_webp_3,http://sns-webpic-qc.xhscdn.com/202601281145/2e973f86d57b7410ef90d5b20f6e16dd/notes_pre_post/1040g3k831q52kmg3nuag5ottec09tejbajeh5g0!nd_dft_wgth_webp_3","上海,山姆,唐镇山姆,我爱逛超市,到处都是人,人从众模式,一个人逛超市",1769571986844,https://www.xiaohongshu.com/explore/6940eb04000000000d00cd01?xsec_token=ABHbJEmvpIdIeRMFa7r6Rvf77Md98AvqPLaWrAeaPUZ0M=&xsec_source=pc_search,山姆排队,ABHbJEmvpIdIeRMFa7r6Rvf77Md98AvqPLaWrAeaPUZ0M=
69579fc9000000001e003ead,normal,合肥山姆每天都这么堵吗？硬是排一小时才进,都是好吃鬼,,1767350217000,1767350218000,5bdeff834e6a1800018866d0,大土豆🥔,https://sns-avatar-qc.xhscdn.com/avatar/1040g2jo30qdf3l0vga004bnrl4vo6pmgo9broqo,33,3,82,81,安徽,"http://sns-webpic-qc.xhscdn.com/202601281145/cfec79435318d1f5bc2eb930101e07a4/1040g2sg31qr8e58g72eg4bnrl4vo6pmgu8pv3m0!nd_dft_wlteh_webp_3,http://sns-webpic-qc.xhscdn.com/202601281145/99ad4e1efdb1a6cabfe3a2cda51d492a/1040g2sg31qr8e58g72e04bnrl4vo6pmgol7dcro!nd_dft_wlteh_webp_3,http://sns-webpic-qc.xhscdn.com/202601281145/f7724487e83cfd73981ce4fb0c51b4b0/1040g2sg31qr8e58g72f04bnrl4vo6pmgrrfmo50!nd_dft_wlteh_webp_3,http://sns-webpic-qc.xhscdn.com/202601281145/b7e2529bb6d7ca9953a64e3d2ffee154/1040g2sg31qr8e58g72fg4bnrl4vo6pmg8dq5cto!nd_dft_wlteh_webp_3",,1769571986854,https://www.xiaohongshu.com/explore/69579fc9000000001e003ead?xsec_token=ABJufRIDXYYkC5D7E6jRXqbnScQtDXqOLpPYk6Z-MmeLA=&xsec_source=pc_search,山姆排队,ABJufRIDXYYkC5D7E6jRXqbnScQtDXqOLpPYk6Z-MmeLA=
69747034000000000a02fea2,normal,山姆试吃排队像线面一样会繁殖，一开始排在你前面的还是一个人，过一会就变成了一大家子人。。。,山姆试吃排队像线面一样会繁殖，一开始排在你前面的还是一个人，过一会就变成了一大家子人。。。,,1769238580000,1769238581000,60c5ac39000000000100218c,吃香菜不吃香菜根,https://sns-avatar-qc.xhscdn.com/avatar/1040g2jo31k1p18ag2g005o65lgsg88cc61jfvj0,30,6,193,18,江苏,http://sns-webpic-qc.xhscdn.com/202601281145/aede38c126db1c29875670796e80eb6e/1040g2sg31rnctdqt287g5o65lgsg88cc16n1ik0!nd_dft_wlteh_webp_3,,1769571986857,https://www.xiaohongshu.com/explore/69747034000000000a02fea2?xsec_token=ABUufGPaZvyQEXZqy2FrldlxAphNDs3eteMbRHrV0G5Lg=&xsec_source=pc_search,山姆排队,ABUufGPaZvyQEXZqy2FrldlxAphNDs3eteMbRHrV0G5Lg=
6975ee9f00000000280208cb,normal,杭州山姆限流,"快过年了
山姆也是人山人海
我们是下午一点钟到达山姆的
转了两圈停好车进去
买完东西三点不到出去就发现已经在限流排队了
#杭州山姆[话题]# #笔记灵感[话题]# #过年[话题]#",,1769336479000,1769336479000,64f56a5a0000000004027511,AWang🐟,https://sns-avatar-qc.xhscdn.com/avatar/1040g2jo31j5g10cej4005p7ld9d14t8hcg75gj8,28,6,96,311,浙江,"http://sns-webpic-qc.xhscdn.com/202601281145/4fe684f04df3b497b1b5393120fd5064/note_pre_post_uhdr/1040g3r031rorh9ldim005p7ld9d14t8hs2to5ag!nd_dft_wlteh_webp_3,http://sns-webpic-qc.xhscdn.com/202601281145/1fac387f7dd595eec9f5afa531a3f7f7/note_pre_post_uhdr/1040g3r031rorh9ldim0g5p7ld9d14t8hqo45j7o!nd_dft_wlteh_webp_3","杭州山姆,笔记灵感,过年",1769571986865,https://www.xiaohongshu.com/explore/6975ee9f00000000280208cb?xsec_token=ABGgHRpZ-0tvscE1cX9OW4SQ-ZSzcdVDjTQFr1DT0r3bU=&xsec_source=pc_search,山姆排队,ABGgHRpZ-0tvscE1cX9OW4SQ-ZSzcdVDjTQFr1DT0r3bU=
68494156000000001101f914,normal,在山姆没偷没抢，试吃回本！,"可惜不是我，我不敢循环试吃啊[哭惹R]最多排两次就不好意思了
今天去山姆，工作日人不多，图3️⃣-图7️⃣我都觉得还不错，尤其是叉烧肉和鸭锁骨，吃了一次还想吃，就是有点不好意思再去了
去排鸭锁骨试吃的时候，有三个阿姨特别勇！其中一个看见我们前面能站一个人就挤进去了，我们俩都是嘴笨的人，就想着算了，然后过了一会又来了两个阿姨好像是跟她一起的 都挤进我们前面了，这都不是重点，重点是我们领完试吃在那站着的时候，发现这三个阿姨是在这一个试吃点循环排队，边领 边吃，边小跑去后边继续排，只要中间有间隔空位就会挤进去，然后我们又去其他地方逛了一小时左右，决定回去拿瑞士卷，发现那三个阿姨还在继续循环排队试吃[失望R][失望R][失望R]
虽然插队我很不满意，但是我佩服她们的勇敢，敢一直循环排队试吃，我只敢看着别人循环排，换成自己就白搭，尤其像今天排队的人不是特别多的时候，感觉试吃工作人员一看我，我尴尬症就犯了[哭惹R]#嘴馋的人先享受世界[话题]# #蹭吃蹭喝的一天[话题]# #山姆[话题]# #i人[话题]# #山姆试吃[话题]#",,1749631318000,1749631318000,6534f16600000000060071af,小哎来了,https://sns-avatar-qc.xhscdn.com/avatar/1040g2jo317jfkd45k4005p9ku5j1gsdfdm4ce18,29,7,,2,,"http://sns-webpic-qc.xhscdn.com/202601281145/4f7079ff400dc9e31d802391ca60dea5/notes_pre_post/1040g3k031ij70hd9g20g5p9ku5j1gsdfu4tg810!nd_dft_wlteh_webp_3,http://sns-webpic-qc.xhscdn.com/202601281145/fb6c87bec14fbe49fde5fe019d35cdbd/notes_pre_post/1040g3k031ij70hd9g2105p9ku5j1gsdf42ppogg!nd_dft_wlteh_webp_3,http://sns-webpic-qc.xhscdn.com/202601281145/e5e12d6984ec5a2a7e1f0b35374e7667/notes_pre_post/1040g3k031ij70hd9g21g5p9ku5j1gsdf2n4ab90!nd_dft_wlteh_webp_3,http://sns-webpic-qc.xhscdn.com/202601281145/8d44d3d6f6b3780bcd083eeda6ceb659/notes_pre_post/1040g3k031ij70hd9g2205p9ku5j1gsdfe419518!nd_dft_wlteh_webp_3,http://sns-webpic-qc.xhscdn.com/202601281145/5819e1ac2199577864bd2fda1fc881e6/notes_pre_post/1040g3k031ij70hd9g22g5p9ku5j1gsdfg2avb30!nd_dft_wlteh_webp_3,http://sns-webpic-qc.xhscdn.com/202601281145/70f7934b12111967151cca533f10912a/notes_pre_post/1040g3k031ij70hd9g2305p9ku5j1gsdf5pf65og!nd_dft_wlteh_webp_3,http://sns-webpic-qc.xhscdn.com/202601281145/ad3db378d4fafff8d723011a1a3b0816/notes_pre_post/1040g3k031ij70hd9g23g5p9ku5j1gsdfcj9t06o!nd_dft_wlteh_webp_3","嘴馋的人先享受世界,蹭吃蹭喝的一天,山姆,i人,山姆试吃",1769571986871,https://www.xiaohongshu.com/explore/68494156000000001101f914?xsec_token=ABgSdBPYghhKiWAUB-eLF-QIFdBULXs3tVwf9C_yusIys=&xsec_source=pc_search,山姆排队,ABgSdBPYghhKiWAUB-eLF-QIFdBULXs3tVwf9C_yusIys=
69635c28000000001a022c13,normal,合肥山姆，再也不想去了😭,"下午三点到，排队停车花了三四十分钟
停好车之后，又等着排队放行
人真的太多了，不知道工作日是不是好点儿？
	
购物车🛒嘛很大
就是人挤人车碰车🛒
我们一般都不推车
就这走动起来也没那么顺畅
	
东西都是大分量的
有些性价比是可以的
所以，以后还是线上吧
再也不想去线下了
#山姆[话题]# #合肥山姆[话题]# #合肥[话题]# #合肥山姆超市[话题]# #真是人从众呀[话题]# #合肥吃喝玩乐[话题]# #购物新体验[话题]#",,1768119336000,1768119337000,628af8590000000021026e14,yellow,https://sns-avatar-qc.xhscdn.com/avatar/1040g2jo310uanoo26c505okav1cocrgkt6rq6o8,25,5,180,19,安徽,http://sns-webpic-qc.xhscdn.com/202601281145/f078c47fd96714574a0a87deec7ce17e/notes_pre_post/1040g3k831r6n0dndno705okav1cocrgkaapk64o!nd_dft_wlteh_webp_3,"山姆,合肥山姆,合肥,合肥山姆超市,真是人从众呀,合肥吃喝玩乐,购物新体验",1769571986875,https://www.xiaohongshu.com/explore/69635c28000000001a022c13?xsec_token=ABXDTHit9Z0E-hILOYCFWejpbJle8Uk5O_9HQT4nYoERU=&xsec_source=pc_search,山姆排队,ABXDTHit9Z0E-hILOYCFWejpbJle8Uk5O_9HQT4nYoERU=
69748070000000001a02f569,normal,后湖山姆排队,消费复苏了吗？山姆开业大半年了还是这么火[买爆R],,1769242736000,1769242737000,5e203f13000000000100518c,埃克斯伊,https://sns-avatar-qc.xhscdn.com/avatar/1040g2jo30vahgkjs5i5g5nh07s9g8kcc43tlsc8,24,4,44,55,湖北,"http://sns-webpic-qc.xhscdn.com/202601281145/386ea24ccf187352f6f44987025807da/note_pre_post_uhdr/1040g3r031rneqc302a5g5nh07s9g8kcc7hiqv58!nd_dft_wgth_webp_3,http://sns-webpic-qc.xhscdn.com/202601281145/6a0b44e96f17835beb6e5b240908903c/note_pre_post_uhdr/1040g3r031rneqc302a1g5nh07s9g8kccu3vn68g!nd_dft_wgth_webp_3",,1769571986879,https://www.xiaohongshu.com/explore/69748070000000001a02f569?xsec_token=ABUufGPaZvyQEXZqy2Frldl8Qm0oMCxpG7WD0n9DGfd2c=&xsec_source=pc_search,山姆排队,ABUufGPaZvyQEXZqy2Frldl8Qm0oMCxpG7WD0n9DGfd2c=
66d2bab3000000001f01a931,video,武侯山姆还是太夸张了点,排队起码两小时起,http://sns-video-al.xhscdn.com/stream/110/259/01e6d2bab36e2f9e0103730391a72afd27_259.mp4,1725086387000,1725086388000,5dd7f19b0000000001000025,🍟,https://sns-avatar-qc.xhscdn.com/avatar/1040g2jo31b3umbvh7g005nenu6dg8015shqhh48,25,9,48,403,,http://sns-webpic-qc.xhscdn.com/202601281145/67a58487929c226bbcdd6e52c0138f3a/1040g0083175fgj5j44e05nenu6dg80156msf798!nd_dft_wlteh_webp_3,,1769571986883,https://www.xiaohongshu.com/explore/66d2bab3000000001f01a931?xsec_token=AB6Bsyq3-M-sEn5nbj52GSrHdeNWvMXPws68A59hqyles=&xsec_source=pc_search,山姆排队,AB6Bsyq3-M-sEn5nbj52GSrHdeNWvMXPws68A59hqyles=
6920090d000000001e013ba5,normal,这一个月避雷昌平山姆吧,"开车四十分钟，进停车场排了一小时，限流等着进一小时，这还是周五的白天，不敢想象这个周末会怎么样。
里面的商品也没有很便宜，和石景山的价格差不多，个别减10块钱。试吃几乎没有，可能是怕人流聚集。
大倒是大一些，但全是人也没有心思买买买了……
#避开高峰期[话题]# #哪里都是人[话题]# #到处都是人[话题]# #我真的不理解[话题]# #排队[话题]#",,1763707149000,1763707149000,649329020000000011000a38,一年360天假期多好,https://sns-avatar-qc.xhscdn.com/avatar/1040g2jo31oa0rnsnkq4g5p4j541482hou7m18hg,25,4,47,272,,"http://sns-webpic-qc.xhscdn.com/202601281146/a4ce5e6fbfe2ef35beba2d070b47ed33/notes_pre_post/1040g3k031p4p7ti6ia5g5p4j541482ho9vgq660!nd_dft_wgth_webp_3,http://sns-webpic-qc.xhscdn.com/202601281146/33e2df63e4caafd262cdaa4ac48c3111/notes_pre_post/1040g3k031p4v8al4i8005p4j541482hop5scb8o!nd_dft_wgth_webp_3","避开高峰期,哪里都是人,到处都是人,我真的不理解,排队",1769571986887,https://www.xiaohongshu.com/explore/6920090d000000001e013ba5?xsec_token=ABrI7AOFNCNisWs5my5HIvFq6S-mbAFo5EFOJLWHM4gbM=&xsec_source=pc_search,山姆排队,ABrI7AOFNCNisWs5my5HIvFq6S-mbAFo5EFOJLWHM4gbM=
68f61f7900000000030341c1,normal,张家港山姆你别太离谱，排队进入,像排队做核酸一样,,1760960377000,1760960378000,5a1031a811be10572e1a4865,小李的装修日记ing,https://sns-avatar-qc.xhscdn.com/avatar/1040g2jo31lpqfuumlu0049vmhroqgi359d2re3g,24,2,100,157,,http://sns-webpic-qc.xhscdn.com/202601281146/9fbb95ac094da0a25fc6482a4d7d6518/1040g2sg31ns1he8ul8e049vmhroqgi35a4f91c0!nd_dft_wlteh_webp_3,,1769571986891,https://www.xiaohongshu.com/explore/68f61f7900000000030341c1?xsec_token=ABddk-jtsAGPhbIDPA6EsPaiH1iFumiIb4D2L2Cy2MO-4=&xsec_source=pc_search,山姆排队,ABddk-jtsAGPhbIDPA6EsPaiH1iFumiIb4D2L2Cy2MO-4=
696b7e64000000001a0312b5,normal,今日份杭州山姆,进商城都要排队[捂脸R][捂脸R][捂脸R],,1768652388000,1768652388000,56d6c9124775a70d1152a18b,食彩虹少女,https://sns-avatar-qc.xhscdn.com/avatar/1040g2jo31emh5dhe580046bcka4h58cbit5tff0,23,4,94,337,浙江,"http://sns-webpic-qc.xhscdn.com/202601281146/69b53838e20a19321bc354cda800adaf/notes_uhdr/1040g3qo31rel57277o1g46bcka4h58cbg4h33ug!nd_dft_wgth_webp_3,http://sns-webpic-qc.xhscdn.com/202601281146/5b7a6edeba12440601338b6e1e9e6b0d/notes_uhdr/1040g3qo31rel57277o2046bcka4h58cbj1lbjqg!nd_dft_wgth_webp_3,http://sns-webpic-qc.xhscdn.com/202601281146/138eb0bed3cf9c1314971a7febf505f2/notes_uhdr/1040g3qo31rel57277o2g46bcka4h58cbo2e95qg!nd_dft_wgth_webp_3",,1769571986893,https://www.xiaohongshu.com/explore/696b7e64000000001a0312b5?xsec_token=ABY16yXbIeiy6kWQEEDPd0QjCCg2FHHZxaCj2MiS3SEDw=&xsec_source=pc_search,山姆排队,ABY16yXbIeiy6kWQEEDPd0QjCCg2FHHZxaCj2MiS3SEDw=
694563a4000000001b0258bc,normal,扬州山姆超市12.19,"工作日去！听劝！听劝！！听劝！！！
今天周五，和同事一行四人从苏H出发去扬州山姆
开车1h30这样，我们早上9出发的，到了之后人非常的少！很好逛，一楼逛了一个多小时这样
二楼刚上去就看见了排队，听排队的姐说草莓蛋糕盒子就要搬出来了，我们跟风排队。一次只出了12盒，正好我们都有，很重，三斤多，味道很不错！不甜，跟盒马减糖版的类似，可以一试～
图二为此次消费战果，下次还来！",,1766155172000,1766155172000,5483f4132e1d93421eaa3e13,真的很奇怪哎,https://sns-avatar-qc.xhscdn.com/avatar/1040g2jo31eg9sihigm00400qelq16fgj4cuelag,23,,15,8,,"http://sns-webpic-qc.xhscdn.com/202601281146/6d314dbab27420502f18699eaa6afe90/note_pre_post_uhdr/1040g3r031q9efsk8ga00400qelq16fgjk6ib1q8!nd_dft_wlteh_webp_3,http://sns-webpic-qc.xhscdn.com/202601281146/a0f08d84e57c850c8ea8c872c0456c6b/note_pre_post_uhdr/1040g3r031q9efsk8ga0g400qelq16fgjtn2a548!nd_dft_wgth_webp_3",,1769571986897,https://www.xiaohongshu.com/explore/694563a4000000001b0258bc?xsec_token=AB_ETqoROIHCIivNoCVY_WLzOrrSPevyqd-dXY5kaOP8Q=&xsec_source=pc_search,山姆排队,AB_ETqoROIHCIivNoCVY_WLzOrrSPevyqd-dXY5kaOP8Q=
69638db0000000001a025c0f,normal,合肥山姆下午3点半过后的状态[捂脸R]#人人从从众众𠈌𠈌[话题]#,合肥山姆下午3点半过后的状态[捂脸R]#人人从从众众𠈌𠈌[话题]#,,1768132016000,1768132017000,5d0db085000000001201485f,小燕,https://sns-avatar-qc.xhscdn.com/avatar/1040g2jo31qq4321d7g6g5n8dm22kii2vk5rbj60,22,4,25,49,安徽,"http://sns-webpic-qc.xhscdn.com/202601281146/b02c893b4ec34bcc65eca4d419d8a0b0/notes_pre_post/1040g3k031r6t8l2bno6g5n8dm22kii2vk41g7lo!nd_dft_wlteh_webp_3,http://sns-webpic-qc.xhscdn.com/202601281146/383bafc6941841aa6c674aa627c38832/notes_pre_post/1040g3k031r6t8l2bno4g5n8dm22kii2v567eqq8!nd_dft_wlteh_webp_3,http://sns-webpic-qc.xhscdn.com/202601281146/df1ac3f6c9a0cb3eaaafc9f421298dd1/notes_pre_post/1040g3k031r6t8l2bno505n8dm22kii2v15tmcjg!nd_dft_wlteh_webp_3,http://sns-webpic-qc.xhscdn.com/202601281146/148d3807a0723a328cb751aa797415c1/notes_pre_post/1040g3k031r6t8l2bno405n8dm22kii2vab09300!nd_dft_wlteh_webp_3",人人从从众众𠈌𠈌,1769571986900,https://www.xiaohongshu.com/explore/69638db0000000001a025c0f?xsec_token=ABXDTHit9Z0E-hILOYCFWejhTXQJNs_DEhiL32SlKvJzM=&xsec_source=pc_search,山姆排队,ABXDTHit9Z0E-hILOYCFWejhTXQJNs_DEhiL32SlKvJzM=
67949332000000001701d4f8,video,西红门山姆会员商店，人巨多，排了好久才结账,人山人海啊,http://sns-video-al.xhscdn.com/stream/1/110/259/01e794932b063ce701037003949c5f5385_259.mp4,1737790258000,1737790259000,5635ca4aa40e186b486b187f,zpzhangwenhan,https://sns-avatar-qc.xhscdn.com/avatar/1040g2jo31ikfe2h2ga0g421a2b54k63vvs1as40,23,11,6,135,,http://sns-webpic-qc.xhscdn.com/202601281146/42af5e10ce4dc5c6e232af11b82442f4/1040g2sg31d2p5shp0m70421a2b54k63vpgqvsho!nd_dft_wlteh_webp_3,,1769571986904,https://www.xiaohongshu.com/explore/67949332000000001701d4f8?xsec_token=ABm2_NdqlQc4PSb9nndctSay6jEZzfG_kP0WpFIyHwvew=&xsec_source=pc_search,山姆排队,ABm2_NdqlQc4PSb9nndctSay6jEZzfG_kP0WpFIyHwvew=
6946a903000000001e005d06,video,360°感受一下唐镇新开的山姆人流量,"作为唐镇人
家门口也是有山姆的人了✌🏻
16号开业没凑上的热闹，周末安排上👍🏻
开车到华东路就都是去山姆的车
进入地下停车库就开始排队扫会员码入场
不过排的还是很快的，15分钟左右就可以进场啦✌🏻
商场总共分两层，一楼是家电，全球购，生活类
二楼主要是吃的。很明显二楼人流量更大！
停车库🅿️有贴牌提示2小时停车免费
不过目前应该都是🆓
#山姆超市[话题]# #浦东山姆开业[话题]# #唐镇山姆[话题]# #唐镇[话题]# #沉浸式逛超市[话题]# #人多就是热闹[话题]#",http://sns-video-al.xhscdn.com/stream/79/110/259/01e946a7aa210f42010370039b3c048df4_259.mp4,1766238467000,1766242437000,6226061d00000000100083f6,气泡水爱涂鸦（软装ing）,https://sns-avatar-qc.xhscdn.com/avatar/1040g2jo314v4kl0o0o505oh60oek10vm93i8tu0,21,3,19,23,,http://sns-webpic-qc.xhscdn.com/202601281146/912a6dc66d1bd929401ea1e1fd9497c8/1040g2sg31qam6db4n2705oh60oek10vm0eb3moo!nd_dft_wlteh_webp_3,"山姆超市,浦东山姆开业,唐镇山姆,唐镇,沉浸式逛超市,人多就是热闹",1769571986908,https://www.xiaohongshu.com/explore/6946a903000000001e005d06?xsec_token=ABLJJsEkoeezNO_2xgh-yP5Oss5FHTuTwW7HHis47fy4g=&xsec_source=pc_search,山姆排队,ABLJJsEkoeezNO_2xgh-yP5Oss5FHTuTwW7HHis47fy4g=
6947ff17000000001e034333,normal,排队40分钟逛了下扬州山姆,"星期天下午2点半左右，出发去逛了一下山姆，也是开了这么久第一次去，大概排队排了40分钟左右。
	
排在后面的几个阿姨可能是从其他地方赶来的，一直在吐槽排队时间太久，管理比其他地方山姆差，故意制造排队景象~~管理员解释是为了更好的体验，避免内部太拥挤，就这样听了一路双方的各执一词[笑哭R][笑哭R][笑哭R]
	
[吐舌头H]听同去到人去平时也不忙，尤其工作日四五点的时候都很空，周末的时候人会多起来。
	
买了点黑森林瑞士卷、卤猪脚、芝士饼干和夏威夷果的果仁，黑森林瑞士卷高低不会买第二次，太甜腻了。夏威夷果仁还不错，芝士饼干这些日常囤点，下午在办公室垫垫。
#扬州[话题]# #山姆[话题]# #超市[话题]#",,1766326039000,1766326040000,59bd178d44363b1dfec46e71,鱼子,https://sns-avatar-qc.xhscdn.com/avatar/1040g2jo31o55q3ul586g49q0saboqrjh32fs4o8,21,2,16,20,,"http://sns-webpic-qc.xhscdn.com/202601281146/cbb1e7a3e3a12b25e97f4e41c0e7cb87/notes_pre_post/1040g3k831qbvq1gb00dg49q0saboqrjh56e3db0!nd_dft_wlteh_webp_3,http://sns-webpic-qc.xhscdn.com/202601281146/cbe1dc00bb6b89c9dce27e8800de94d0/notes_pre_post/1040g3k831qbvq1gb00a049q0saboqrjhi53puh8!nd_dft_wlteh_webp_3,http://sns-webpic-qc.xhscdn.com/202601281146/2293d3dc2e38017465ffaa663318bda5/notes_pre_post/1040g3k831qbvq1gb00ag49q0saboqrjhu03pjv8!nd_dft_wlteh_webp_3,http://sns-webpic-qc.xhscdn.com/202601281146/b0b2d6cb1658d02d4807a1c08e28adcc/notes_pre_post/1040g3k831qbvq1gb00bg49q0saboqrjh1udrouo!nd_dft_wgth_webp_3,http://sns-webpic-qc.xhscdn.com/202601281146/fb58595d902f1e61598fb1a5dca16703/notes_pre_post/1040g3k831qbvq1gb00c049q0saboqrjhamb7hmo!nd_dft_wlteh_webp_3,http://sns-webpic-qc.xhscdn.com/202601281146/1e4024570c43df3bb3edd1c057c000bd/notes_pre_post/1040g3k831qbvq1gb007g49q0saboqrjh5l43678!nd_dft_wlteh_webp_3,http://sns-webpic-qc.xhscdn.com/202601281146/e348834679254d810090e4ccc4785c6c/notes_pre_post/1040g3k831qbvq1gb00cg49q0saboqrjhvu8tvv0!nd_dft_wlteh_webp_3,http://sns-webpic-qc.xhscdn.com/202601281146/b672a3cab9eafacd74301249531e7c0b/notes_pre_post/1040g3k831qbvq1gb00d049q0saboqrjhefpefmo!nd_dft_wlteh_webp_3","扬州,山姆,超市",1769571986912,https://www.xiaohongshu.com/explore/6947ff17000000001e034333?xsec_token=ABINQXfRHw5lkPKoYNfcaFj-_y0s3c3Z5j_po7pJOg46w=&xsec_source=pc_search,山姆排队,ABINQXfRHw5lkPKoYNfcaFj-_y0s3c3Z5j_po7pJOg46w=
670bcc49000000001b02ce18,normal,插队的人都滚吧！！！,"跳完舞饿着肚子去逛南京江北的山姆，大家围着一个冰柜在排队试吃千层蛋糕，一对狗男女假装在看冰柜里的食物，然后开始演戏，假装不经意间发现有千层蛋糕，就直接插在我前面了！！！
我围着冰柜转了一圈才快到我，他俩以为自己演技很好，那个女的得意的笑容都快咧到耳根子了！！！
但是本着幸福者原则，而且我自己一个人饿着肚子逛超市，我就没跟他们吵起来，但是我在停车场又遇到他俩了，回家的路上越想越气，只能把他俩挂小红书上了
呜呜呜，我好怂，好后悔没骂他们俩！！！应该让排队的所有人都鄙视他们的！！！
#排队[话题]# #插队可耻[话题]# #插队的人怎么治[话题]#",,1728826441000,1728826441000,61b816550000000010007b6e,小红薯61B927D9,https://sns-avatar-qc.xhscdn.com/avatar/0dd6f7e91ce0bea602fbc47515b7c72f.jpg,22,1,7,2,,"http://sns-webpic-qc.xhscdn.com/202601281146/bf5d161b9a1da7dacab1bbb3fe617f55/1040g2sg318t6tpqn44705odo2pak0ure4ccum08!nd_dft_wlteh_webp_3,http://sns-webpic-qc.xhscdn.com/202601281146/2e6ce5c2a562509f1cec698fe10179a6/1040g2sg318t6tpqn447g5odo2pak0uref1iq9d8!nd_dft_wlteh_webp_3,http://sns-webpic-qc.xhscdn.com/202601281146/26bd819dce97f6a169bdc77942953fbf/1040g2sg318t6tpqn44805odo2pak0ure21tbnag!nd_dft_wlteh_webp_3","排队,插队可耻,插队的人怎么治",1769571986916,https://www.xiaohongshu.com/explore/670bcc49000000001b02ce18?xsec_token=ABWK-pD6SA5xo8FEH-KpirZly1bSDGQcaUvTIOq5V9GFE=&xsec_source=pc_search,山姆排队,ABWK-pD6SA5xo8FEH-KpirZly1bSDGQcaUvTIOq5V9GFE=
69746f0500000000220087d0,normal,山姆进场排队实拍！,"#山姆[话题]# #杭州山姆[话题]# #萧山山姆[话题]#
#真是人从众呀[话题]#
大家周末都来逛山姆吗？",,1769238277000,1769238278000,6376104b000000001f015268,🍊大虾,https://sns-avatar-qc.xhscdn.com/avatar/6434acd28b966cee8fc0bb66.jpg,18,3,72,370,浙江,"http://sns-webpic-qc.xhscdn.com/202601281148/c74c4ced2863f7756d616bd66f5a7a5a/notes_uhdr/1040g3qo31rncoguc2ad05orm215nqkj8okqjm4o!nd_dft_wgth_webp_3,http://sns-webpic-qc.xhscdn.com/202601281148/8011e8f6e0843c2d741df3c86e2533d0/notes_uhdr/1040g3qo31rncoguc2a905orm215nqkj8mgd3evo!nd_dft_wgth_webp_3,http://sns-webpic-qc.xhscdn.com/202601281148/d7a4a64291eda5e282ecd4bc3a3d8431/notes_uhdr/1040g3qo31rncoguc2acg5orm215nqkj801gnqg0!nd_dft_wgth_webp_3","山姆,杭州山姆,萧山山姆,真是人从众呀",1769572157550,https://www.xiaohongshu.com/explore/69746f0500000000220087d0?xsec_token=ABUufGPaZvyQEXZqy2Frldl38oYG08Vd9z_wuSDm11clE=&xsec_source=pc_search,山姆排队,ABUufGPaZvyQEXZqy2Frldl38oYG08Vd9z_wuSDm11clE=
65c426d20000000011006101,normal,萧山山姆8:50排队实况！,"腊月二十九的山姆
人山人海！",,1707353810000,1707353811000,5b568b3d11be1047d45e1c5a,侯小厨的快乐生活,https://sns-avatar-qc.xhscdn.com/avatar/63b04c7b9c088b1a1d93f28c.jpg,18,,41,367,,"http://sns-webpic-qc.xhscdn.com/202601281148/f7e86473e2f3792ee67f5fdbf6279e68/1040g00830ut7vee85e004a7epk5jq72qsbh0dk8!nd_dft_wlteh_webp_3,http://sns-webpic-qc.xhscdn.com/202601281148/8418d8ce472b716fd6785c438d58965a/1040g00830ut7vee85e0g4a7epk5jq72q2jm4lig!nd_dft_wlteh_webp_3",,1769572157554,https://www.xiaohongshu.com/explore/65c426d20000000011006101?xsec_token=ABT3Bqszq1WGJKKLZqwodyLhzJiBRnjBEIdca9Lts-ivI=&xsec_source=pc_search,山姆排队,ABT3Bqszq1WGJKKLZqwodyLhzJiBRnjBEIdca9Lts-ivI=
68e0d8830000000007038c6c,normal,"南昌山姆入口处
排队三十分钟还没入场
撤了撤了
不想花钱买罪受了
[哭惹R][哭惹R][哭惹R]
#山姆[话题]#","南昌山姆入口处
排队三十分钟还没入场
撤了撤了
不想花钱买罪受了
[哭惹R][哭惹R][哭惹R]
#山姆[话题]#",,1759565955000,1759565956000,6365fee8000000001f01e6d2,monomo,https://sns-avatar-qc.xhscdn.com/avatar/1040g2jo31quu7trsn0005or5vrk7rpmikmpvl9g,18,3,59,43,,http://sns-webpic-qc.xhscdn.com/202601281148/d8d4e365b9bbfcc1dc27737ca3495962/1040g2sg31n78kr1752e05or5vrk7rpmi28gqq20!nd_dft_wlteh_webp_3,山姆,1769572157558,https://www.xiaohongshu.com/explore/68e0d8830000000007038c6c?xsec_token=ABYD0Dxb-7cJ7lezhtesfvJHVU7r1ogXprIFUrSvFpOAY=&xsec_source=pc_search,山姆排队,ABYD0Dxb-7cJ7lezhtesfvJHVU7r1ogXprIFUrSvFpOAY=
6956289100000000210309ed,normal,扬州山姆,"到了一看，排队2小时进去[笑哭R]
算了，走了",,1767254161000,1767254162000,5a541a534eacab58112e44fd,小鱼儿,https://sns-avatar-qc.xhscdn.com/avatar/5a541a534eacab58112e44fd.jpg,17,3,86,72,浙江,http://sns-webpic-qc.xhscdn.com/202601281148/e86b6350ab3bf01a774ad6f7336af570/notes_pre_post/1040g3k831qpqm7tdngdg4a0o3qd56h7t5460okg!nd_dft_wlteh_webp_3,,1769572157562,https://www.xiaohongshu.com/explore/6956289100000000210309ed?xsec_token=ABB72cN58JtQgFUEVg86QM-ISSezPWtwXGM6x1WxVKDLM=&xsec_source=pc_search,山姆排队,ABB72cN58JtQgFUEVg86QM-ISSezPWtwXGM6x1WxVKDLM=
678cb83e000000001603c03d,normal,感觉全福州的人都在山姆🥲停车排队，结账排队，人多到试吃也取消啦#山姆超市[话题]#,感觉全福州的人都在山姆🥲停车排队，结账排队，人多到试吃也取消啦#山姆超市[话题]#,,1737275454000,1737275455000,5c51a3cd000000001b0274cf,招财,https://sns-avatar-qc.xhscdn.com/avatar/1040g2jo31csad26e16005n2hkf6mst6fng982vo,16,3,42,68,,"http://sns-webpic-qc.xhscdn.com/202601281148/f952d787b2d1ac371937dee56486b2cc/1040g2sg31cr3nftk16705n2hkf6mst6ft94lj5g!nd_dft_wlteh_webp_3,http://sns-webpic-qc.xhscdn.com/202601281148/5c4f5680220eb7a52830b1dfa7d23001/1040g2sg31cr3nftk167g5n2hkf6mst6foaj8dhg!nd_dft_wlteh_webp_3,http://sns-webpic-qc.xhscdn.com/202601281148/8a2cdc003e9df128dd26ac85e672fedd/1040g2sg31cr3nftk16805n2hkf6mst6fj5go4ko!nd_dft_wlteh_webp_3,http://sns-webpic-qc.xhscdn.com/202601281148/bcdb6f0f7f445992b80ecc293e5e4125/1040g2sg31cr3nftk168g5n2hkf6mst6fjet1ejo!nd_dft_wlteh_webp_3,http://sns-webpic-qc.xhscdn.com/202601281148/545447ec2a2838d50022fd21785c4902/1040g2sg31cr3nftk16905n2hkf6mst6fk7uivbg!nd_dft_wlteh_webp_3,http://sns-webpic-qc.xhscdn.com/202601281148/8b9cab05e43809beb12a4a9baee30d2d/1040g2sg31cr3nftk169g5n2hkf6mst6fnmddmt8!nd_dft_wlteh_webp_3",山姆超市,1769572157567,https://www.xiaohongshu.com/explore/678cb83e000000001603c03d?xsec_token=ABbW7aia-SF-kY1IgZGrhUXC5s9sVCGSbL6tfklpJy-6o=&xsec_source=pc_search,山姆排队,ABbW7aia-SF-kY1IgZGrhUXC5s9sVCGSbL6tfklpJy-6o=
6919359b000000000703769c,video,扬州山姆超市排大队的快乐今天我也体会到了,"千呼万唤始出来，扬州山姆超市终于开业了，作为扬兴的扬州人我也去凑凑热闹。
整个超市分为地下两层车库，地上两层超市。超市马路南边有一块地上停车场。规划的路对开车的人来说不方便，超市一圈都是单行道。来回都是走的明月湖的桥走的，绕了一大圈不方便。
车库不得不说建的不错，车位多，位置大。建议在排队前上个厕所，等的时间比较长。排队前就有人问你有没有会员卡，没有就给你现场办，有260和680的，我住得远来的少，先办了个260的体验一下，后期可以补差价升级成680的卡，随后下载了山姆APP注册，可以网上下单，1小时送达，但是要看是不是在配送范围内，有人反应办完卡后送不到家里。现在M会员和盒马都在扩大配送范围，不知道后期山姆会不会跟上。他家东西量大吃不完容易浪费，东西也不便宜，来一趟都是几百块，有人一买就几千，如果不搞代购团购什么的，没必要办680的。会员卡就相当于一个门票，有卡才能进门，不积分，不打折。一张卡可以带3个人，闲🐟上已经有人搞起了小生意。买主卡送副卡，可以送给亲朋好友，或者卖给别人。
用刷卡机扫完你的会员码后开始排队绕圈，M会员是人工看一眼就可以了。有人嫌太久排着排着就走了。排到入口处工作人员会给你个推车，车子较大，方便你多买点东西，或者坐个小朋友。我看到有个女的大人坐进去了，男朋友推着，不理解[失望R]，希望我推的车子不是被别人大屁股坐过的，我还要放吃的东西呢。里面是单行道的双扶梯，不能走回头路，除非你到车库再坐电梯上去，所以建议你逛的时候一层一层的逛全了。
实际能逛的就两层楼，感觉还没M会员宽敞，东西布置的比较紧凑，货架堆的很高，人也很多很挤，车子又大，经常卡着堵起来。
里面没有试吃的，只有刚进去那边一个工作人员散发小零食，我们拿到了一颗糖和一块小饼干。里面没有水喝，小朋友想喝水不方便。
商品有很多比较有名的牌子，还有大疆无人机什么的，价格没有便宜，和外面或者网上差不多。
结账的人工通道比较多，还有自助结账，出来后还有自助打包和取冰块的地方。收银台外面左边是服务台，右边是餐吧和母婴室，餐吧好像没有桌子，只能站在墙边上吃。
如果家里人不多，量少的，还是建议去盒马或者一些小超市，东西吃不完容易过期，真的很浪费，不然怎么会有人做起山姆分装的生意呢。
如果有说的不好不对的地方可以在评论区探讨一下。[飞吻R]",http://sns-video-al.xhscdn.com/stream/79/110/259/01e9191cee613e33010370039a8a79f557_259.mp4,1763259804000,1763259804000,5bde8bc06ac7180001f9dcf9,小女子不才,https://sns-avatar-qc.xhscdn.com/avatar/1040g2jo30ve3i72e60004bnpe45s1n7pnohvodg,14,,6,30,,http://sns-webpic-qc.xhscdn.com/202601281148/1e1f29b4fc1c358187474ae979608b44/1040g2sg31ou70pu70u004bnpe45s1n7pejrnb78!nd_dft_wlteh_webp_3,,1769572157573,https://www.xiaohongshu.com/explore/6919359b000000000703769c?xsec_token=AB06AuO_EAngb1aVo2MSc72VbMj66eSa9cuuhf1vX4GCk=&xsec_source=pc_search,山姆排队,AB06AuO_EAngb1aVo2MSc72VbMj66eSa9cuuhf1vX4GCk=
68c53703000000001c00f108,normal,中山山姆,周六下午5点左右的人流量，不想排长队的还是先别来了[笑哭R],,1757755139000,1757755140000,5cb14b250000000010039576,小小红薯,https://sns-avatar-qc.xhscdn.com/avatar/5e131c1e22b8760001b748c8.jpg,14,2,29,121,,"http://sns-webpic-qc.xhscdn.com/202601281148/42e11115689eae8594ad43c3be9db480/notes_pre_post/1040g3k031mc95bq7l8105n5h9cik75bm3up1sf8!nd_dft_wlteh_webp_3,http://sns-webpic-qc.xhscdn.com/202601281148/f5fb5ce1bf710c2e92ae7203e83b6854/notes_pre_post/1040g3k031mc95bq7l8005n5h9cik75bm8jpgm20!nd_dft_wlteh_webp_3,http://sns-webpic-qc.xhscdn.com/202601281148/0a356d74c374e9cac8d9d821cbf47b11/notes_pre_post/1040g3k031mc95bq7l80g5n5h9cik75bm2nm34po!nd_dft_wgth_webp_3",,1769572157577,https://www.xiaohongshu.com/explore/68c53703000000001c00f108?xsec_token=AB6l1o2tpkRhW1R5Bv5MGyMAvcOQUNsAhrKVqSZYYw6i8=&xsec_source=pc_search,山姆排队,AB6l1o2tpkRhW1R5Bv5MGyMAvcOQUNsAhrKVqSZYYw6i8=
678b6a8a0000000017001e93,normal,我擦，这个点去天河山姆还要排队…,,,1737190026000,1737190027000,5e83824d000000000100b960,巴啦啦小魔仙（渡劫篇）,https://sns-avatar-qc.xhscdn.com/avatar/1040g2jo31amqk92omq005nk3g96g9eb0rpftgu8,13,,46,254,,http://sns-webpic-qc.xhscdn.com/202601281148/0734cfe133b61e615ae9198316f09b4a/1040g2sg31cpqvum1gc705nk3g96g9eb0imtp1j0!nd_dft_wlteh_webp_3,,1769572157581,https://www.xiaohongshu.com/explore/678b6a8a0000000017001e93?xsec_token=ABJ6SsQCWd8XAGZ2OC0mt-MtUYtwEnagfhdzqaSPtMa4E=&xsec_source=pc_search,山姆排队,ABJ6SsQCWd8XAGZ2OC0mt-MtUYtwEnagfhdzqaSPtMa4E=
693e58e0000000001e02fabb,normal,扬州山姆人没常州多，需要排队。。。,"其实也就陆陆续续的人
需要排队
两个弯
说要半小时。。。
来都来了
哎",,1765693664000,1765693664000,58383a516a6a692dcb0bb065,luqun,https://sns-avatar-qc.xhscdn.com/avatar/62d17b9e40afa450fb768d7c.jpg,12,1,51,12,,"http://sns-webpic-qc.xhscdn.com/202601281148/9b56a2b58c7cec917c3ab9e61d4f7fbe/notes_uhdr/1040g3qo31q2iir93no8048t0r4t53c35129l4kg!nd_dft_wlteh_webp_3,http://sns-webpic-qc.xhscdn.com/202601281148/124a992a01d542ec73947b4aababf20e/notes_uhdr/1040g3qo31q2iir93no7048t0r4t53c35n1cd0ao!nd_dft_wlteh_webp_3,http://sns-webpic-qc.xhscdn.com/202601281148/cd7880a6a497cce036e836ee36f26e87/notes_uhdr/1040g3qo31q2iir93no7g48t0r4t53c350ts8s6o!nd_dft_wlteh_webp_3",,1769572157585,https://www.xiaohongshu.com/explore/693e58e0000000001e02fabb?xsec_token=ABDleG3PAp061vOvRsOEfY569reMfpdDqLYGhdvHeq2eM=&xsec_source=pc_search,山姆排队,ABDleG3PAp061vOvRsOEfY569reMfpdDqLYGhdvHeq2eM=
6795f57a000000002503dae8,normal,初一前千万别来山姆，排队吵了三场架,"时间坐标：2025年1月26号 ，下午16.30点
地点坐标：山姆深圳店
从快到山姆马路上就堵车，堵了40分钟好不容易找到停车场，进去逛，只能说是人山人海，锣鼓喧天。
排队排了半小时，看到其他人因为插队，吵了三场，太夸张了。
[失望R][失望R][失望R]问了店员，初一之前都是这样，说实话如果不是很急，就别来受罪了。
	
﻿#人从众模式[话题]#﻿ ﻿#哪里都是人[话题]#﻿ ﻿#沉浸式逛超市[话题]#﻿ ﻿#人挤人挤不动[话题]#﻿ ﻿#山姆[话题]#﻿ ﻿#山姆超市[话题]#﻿ ﻿#普宁山姆[话题]#﻿ ﻿#普宁[话题]#﻿ ﻿#山姆代购[话题]#﻿",,1737880954000,1737880955000,6793b35e000000000e01282d,潮汕宝妈山姆日记,https://sns-avatar-qc.xhscdn.com/avatar/1040g2jo31d41f6e20k005psjmdf3ia1df9128p8,12,2,11,33,,"http://sns-webpic-qc.xhscdn.com/202601281148/fcd132c87ed54be1766ac05717efd9ed/spectrum/1040g34o31d44b6lk12005psjmdf3ia1dr44bluo!nd_dft_wgth_webp_3,http://sns-webpic-qc.xhscdn.com/202601281148/866d59fb6540385329a2db50941c1367/spectrum/1040g34o31d44b6lk120g5psjmdf3ia1d3q7eoq0!nd_dft_wlteh_webp_3,http://sns-webpic-qc.xhscdn.com/202601281148/68c6b5f9c77b489c586feede8bfad982/spectrum/1040g34o31d44b6lk12105psjmdf3ia1dv3930go!nd_dft_wgth_webp_3,http://sns-webpic-qc.xhscdn.com/202601281148/38778a9547ebac03e523d29e186bd449/spectrum/1040g34o31d44b6lk121g5psjmdf3ia1din98fo0!nd_dft_wgth_webp_3","人从众模式,哪里都是人,沉浸式逛超市,人挤人挤不动,山姆,山姆超市,普宁山姆,普宁,山姆代购",1769572157589,https://www.xiaohongshu.com/explore/6795f57a000000002503dae8?xsec_token=ABNpwGtq35nftYZakgF4ZaxdQQt_5joZR48hv79VsrI_o=&xsec_source=pc_search,山姆排队,ABNpwGtq35nftYZakgF4ZaxdQQt_5joZR48hv79VsrI_o=
683c109c0000000022005079,normal,谁说这经济不好的，这经济绝了！排队进不去都,"[石化R][失望R]山姆为啥不能出一些小推车……也有人是想买几件就赶紧走啊
人本来就多推车占面积又大
进门排队到烘焙区一路都行驶缓慢，被推车怼好几次屁股了#人人人人人[话题]# #山姆会员店[话题]#
停车场找个车位都费劲……[失望R]",,1748766876000,1748766877000,5c189ccd0000000005000b18,小川川,https://sns-avatar-qc.xhscdn.com/avatar/1040g2jo31j48eps1hg005n0ojj6h82oobjkpde0,12,3,71,1,,"http://sns-webpic-qc.xhscdn.com/202601281148/6ba3fab01bfafa56416c6b837a6cd895/1040g00831i6b888l78705n0ojj6h82ooghia0k0!nd_dft_wlteh_webp_3,http://sns-webpic-qc.xhscdn.com/202601281148/74602e780897597f284f5118d6c0a36c/1040g00831i6b888l787g5n0ojj6h82oo2da9vc8!nd_dft_wgth_webp_3,http://sns-webpic-qc.xhscdn.com/202601281148/87f22440c6787b7a9503bda4ebba6ac5/1040g00831i6b888l78805n0ojj6h82oo36oqne0!nd_dft_wlteh_webp_3,http://sns-webpic-qc.xhscdn.com/202601281148/d0eb889f3c26faa5e51819ed1ab6d0e5/1040g00831i6b888l788g5n0ojj6h82oo7dimt6g!nd_dft_wlteh_webp_3,http://sns-webpic-qc.xhscdn.com/202601281148/c6edf04d97d7c3e345120ad8a029a2c8/1040g00831i6b888l78905n0ojj6h82oobplicc8!nd_dft_wlteh_webp_3,http://sns-webpic-qc.xhscdn.com/202601281148/6837eec75011d60a5a7da17f49b6bdb8/1040g00831i6b888l789g5n0ojj6h82oov0vf1bo!nd_dft_wlteh_webp_3","人人人人人,山姆会员店",1769572157593,https://www.xiaohongshu.com/explore/683c109c0000000022005079?xsec_token=ABt16cmRKK_Xt2eKiC90ECFH8Ql3i-Zid1kdtzlXOWsHo=&xsec_source=pc_search,山姆排队,ABt16cmRKK_Xt2eKiC90ECFH8Ql3i-Zid1kdtzlXOWsHo=
693d5690000000001e034d4b,normal,周末的美林山姆怎么能这么多人,排队的大家是不是主打一个来都来了 看到这么多人直接回家了🥲🥲🥲,,1765627536000,1765627536000,5c25ffd300000000060360ad,_1943_,https://sns-avatar-qc.xhscdn.com/avatar/5fb0cc7c4c1fc4000111ea9c.jpg,11,1,31,40,,http://sns-webpic-qc.xhscdn.com/202601281148/36ed581655627c0dd8b77cc7235b87a5/note_pre_post_uhdr/1040g3r031q1j15jono705n15vv9hmo5dj7cdm0g!nd_dft_wlteh_webp_3,,1769572157598,https://www.xiaohongshu.com/explore/693d5690000000001e034d4b?xsec_token=AB6UdtOiFnKY9_5xQOGKtB55P5vxwBpiRGpoeimRyfYEU=&xsec_source=pc_search,山姆排队,AB6UdtOiFnKY9_5xQOGKtB55P5vxwBpiRGpoeimRyfYEU=
69464087000000000d036330,normal,"周六别来，人太多了，车也要排队，人也要排队
	
山姆开业后华东路一下子都堵起来了，我在对向车道拍的全是车
#山姆[话题]# #山姆浦东东店[话题]#","周六别来，人太多了，车也要排队，人也要排队
	
山姆开业后华东路一下子都堵起来了，我在对向车道拍的全是车
#山姆[话题]# #山姆浦东东店[话题]#",,1766211719000,1766212575000,558017eaa75c9548c9ab2111,懒羊羊,https://sns-avatar-qc.xhscdn.com/avatar/1040g2jo31q7u7pm8ng0040quvhbuk88h9b7e7h8,10,1,34,59,,"http://sns-webpic-qc.xhscdn.com/202601281148/55b931670bfbcb80e2021db5f0fe1daf/notes_uhdr/1040g3qg31qa9jr7dno0040quvhbuk88hvcu8pag!nd_dft_wgth_webp_3,http://sns-webpic-qc.xhscdn.com/202601281148/c591e6a5a36e0fe71f519a64b4d35464/notes_uhdr/1040g3qg31qa9jr7dno1040quvhbuk88h484b350!nd_dft_wlteh_webp_3,http://sns-webpic-qc.xhscdn.com/202601281148/b278c5227379dc262545082c11128308/notes_uhdr/1040g3qg31qa9jr7dno0g40quvhbuk88hipc67do!nd_dft_wlteh_webp_3,http://sns-webpic-qc.xhscdn.com/202601281148/b8c05c946d42c0da6a743186855a4a3b/notes_uhdr/1040g3qg31qa9jr7dno1g40quvhbuk88h22q5i8g!nd_dft_wgth_webp_3,http://sns-webpic-qc.xhscdn.com/202601281148/b2f0a90672334799921a8762b5723bc0/notes_uhdr/1040g3qg31qa9jr7dno3040quvhbuk88hkcjsof8!nd_dft_wlteh_webp_3,http://sns-webpic-qc.xhscdn.com/202601281148/6f2a240240005958be6cc6c798579837/notes_uhdr/1040g3qg31qa9jr7dno2g40quvhbuk88hc33dpa0!nd_dft_wlteh_webp_3,http://sns-webpic-qc.xhscdn.com/202601281148/cd12a22fc89721168592de0dfadfcd3e/notes_uhdr/1040g3qg31qa9jr7dno2040quvhbuk88ha0p0958!nd_dft_wlteh_webp_3","山姆,山姆浦东东店",1769572157603,https://www.xiaohongshu.com/explore/69464087000000000d036330?xsec_token=ABLJJsEkoeezNO_2xgh-yP5DMSaLKJGycv7txE1fzWBVg=&xsec_source=pc_search,山姆排队,ABLJJsEkoeezNO_2xgh-yP5DMSaLKJGycv7txE1fzWBVg=
67951945000000001801387f,normal,萧山的山姆真的人从众！！,"#年货[话题]# #山姆[话题]# #萧山奥体[话题]# #萧山奥体山姆[话题]# #买年货[话题]# #排队[话题]#
最近的山姆真的排队排到无语🤦哪都要排[失望R][失望R]停车要排队进门要排队拿购物车要排队付钱也要排队[失望R]最近试吃也暂停了～
ps：地下车库上来排队比地面排队更快能进去[偷笑R]",,1737824581000,1737824582000,5a8d07d511be1053cf1ef2d1,我的肉啊,https://sns-avatar-qc.xhscdn.com/avatar/5b3832e6d1d3b932f67e91dc.jpg,10,1,4,20,,"http://sns-webpic-qc.xhscdn.com/202601281148/4a085054bd2372d86710267cf3cccdd4/1040g2sg31d39iguv0u704a1l4v3tbsmh1rlljq0!nd_dft_wlteh_webp_3,http://sns-webpic-qc.xhscdn.com/202601281148/8622ff8cb7309eb6531b57e72f00acf0/1040g2sg31d39iguv0u7g4a1l4v3tbsmh761os7g!nd_dft_wlteh_webp_3,http://sns-webpic-qc.xhscdn.com/202601281148/6a6f9476a7b3c78032ccf6a0b3397728/1040g2sg31d39iguv0u804a1l4v3tbsmh2nf7sb0!nd_dft_wlteh_webp_3,http://sns-webpic-qc.xhscdn.com/202601281148/3b6cbce4412a4cd30e1968f08c83f28e/1040g2sg31d39iguv0u8g4a1l4v3tbsmhqeubq6g!nd_dft_wlteh_webp_3","年货,山姆,萧山奥体,萧山奥体山姆,买年货,排队",1769572157607,https://www.xiaohongshu.com/explore/67951945000000001801387f?xsec_token=ABNpwGtq35nftYZakgF4Zaxedn3cj9imny-296C9xbKqk=&xsec_source=pc_search,山姆排队,ABNpwGtq35nftYZakgF4Zaxedn3cj9imny-296C9xbKqk=
6941426e000000001e0061a0,normal,唐镇山姆排队实况,"已经排长队，分批放咯
#山姆[话题]#",,1765884526000,1765884527000,60f2d84d000000000101c852,Miss 大精,https://sns-avatar-qc.xhscdn.com/avatar/641dd5314af46499569f8a8e.jpg,10,2,11,118,,http://sns-webpic-qc.xhscdn.com/202601281149/96bbf13865f894fac158ab4b395978ea/notes_uhdr/1040g3qo31q5dj9og74705o7ir16gbi2icqs7lt8!nd_dft_wlteh_webp_3,山姆,1769572157611,https://www.xiaohongshu.com/explore/6941426e000000001e0061a0?xsec_token=ABh46u0kJEJMGWheSRs7_kwH3TuPOdR9LdeUFrQs5m5rM=&xsec_source=pc_search,山姆排队,ABh46u0kJEJMGWheSRs7_kwH3TuPOdR9LdeUFrQs5m5rM=
69746876000000002103264e,normal,"人好多！可能是周末的原因，多上加多，导致各种购物感受都雪上加霜。
虽说主包就是想体验一下试吃，但是整个超市涉及排队的事项都无比混乱，并且处处排队。。一会儿是一人排全家队，轮到他的时候就突然插进来一群人；一会儿是排了莫名其妙的好几个队伍，有的宝爸宝妈推着坐购物车里的孩子很轻松就自成一队（btw为什么购物车放置商品的地方默认可以坐穿鞋的小孩？？我吐了 幸好没看到有巨婴坐）
商场秩序是完全没有人管的，因为排队起争执也是经常的事，再不管怒气值积攒感觉可以吃好几个打架瓜的程度。工作人员也的确很忙碌，无暇顾及，很多细","人好多！可能是周末的原因，多上加多，导致各种购物感受都雪上加霜。
虽说主包就是想体验一下试吃，但是整个超市涉及排队的事项都无比混乱，并且处处排队。。一会儿是一人排全家队，轮到他的时候就突然插进来一群人；一会儿是排了莫名其妙的好几个队伍，有的宝爸宝妈推着坐购物车里的孩子很轻松就自成一队（btw为什么购物车放置商品的地方默认可以坐穿鞋的小孩？？我吐了 幸好没看到有巨婴坐）
商场秩序是完全没有人管的，因为排队起争执也是经常的事，再不管怒气值积攒感觉可以吃好几个打架瓜的程度。工作人员也的确很忙碌，无暇顾及，很多细节处（除了下电梯有工作人员帮忙拽车很贴心）都选择忽视，只有进门和结账时的营销任务很及时——导致最终的感受是，尽管是会员制商场，但比普通商场还混乱得多…fine我也知道不是什么高贵的会员不应该有什么高端的服务…可能领先的只剩销售额了，选品除了鲜食也没有多独特的感受。主包一个爱逛超市的人回来反耳更累了。
人多，内部动线乱，无秩序管理，和网上刷到的那种幸福大采购体验完全不一样…anyway山姆还是更适合线上下单…#逛商场真的变成只逛了[话题]# #发自内心的疑问[话题]# #逛超市的日常[话题]# #我爱逛超市[话题]# #扬州山姆[话题]#",,1769236598000,1769236598000,62847c750000000021020a82,黑色魔法小猫,https://sns-avatar-qc.xhscdn.com/avatar/1040g2jo31j998t7q30005ok4fhqoc2k2n7649s8,10,,14,2,江苏,http://sns-webpic-qc.xhscdn.com/202601281149/1a37b7f3eb38a842b1dae264264b847d/1040g00831rnango6is2g5ok4fhqoc2k2s9hug6g!nd_dft_wlteh_webp_3,"逛商场真的变成只逛了,发自内心的疑问,逛超市的日常,我爱逛超市,扬州山姆",1769572157615,https://www.xiaohongshu.com/explore/69746876000000002103264e?xsec_token=ABUufGPaZvyQEXZqy2Frldl-WBwQoMoAFjuDwVBgTgxdY=&xsec_source=pc_search,山姆排队,ABUufGPaZvyQEXZqy2Frldl-WBwQoMoAFjuDwVBgTgxdY=
6975e175000000002801e734,normal,合肥山姆停车场入口改道,合肥山姆，因为天都路修路，东入口不给进，需要从北海路排队，绕路进入。#合肥山姆[话题]# #合肥山姆停车场[话题]# #山姆[话题]#,,1769333109000,1769333109000,60ebdf00000000000100bdad,Cbing,https://sns-avatar-qc.xhscdn.com/avatar/1000g2jo2h1jfkj4is06g5o7brs009fdd9psoj20,9,7,4,13,安徽,http://sns-webpic-qc.xhscdn.com/202601281149/565b5f9a7105d593d67214cea0518bab/notes_pre_post/1040g3k031ropuln72s6g5o7brs009fdd8qhk8h0!nd_dft_wlteh_webp_3,"合肥山姆,合肥山姆停车场,山姆",1769572157619,https://www.xiaohongshu.com/explore/6975e175000000002801e734?xsec_token=ABGgHRpZ-0tvscE1cX9OW4SdxGhw8nkDNu1jKPUD7ZH6o=&xsec_source=pc_search,山姆排队,ABGgHRpZ-0tvscE1cX9OW4SdxGhw8nkDNu1jKPUD7ZH6o=
691ac1c2000000001b022a1d,video,今天山姆的排队现场……,开业半个月，人山人海，上一次这么多人排队的时候还是几年前做核酸的时候[偷笑R][偷笑R][偷笑R],http://sns-video-al.xhscdn.com/stream/1/110/259/01e91ac1a0347ef9010370039a90856a4e_259.mp4,1763361218000,1763361219000,5c0352c8f7e8b91d4acecc1b,麦吉丽-诗诗2011,https://sns-avatar-qc.xhscdn.com/avatar/1040g2jo31q5m455m00004buoqr9chj0rgcoecc8,9,3,6,5,,http://sns-webpic-qc.xhscdn.com/202601281149/92fb02f4d8d86fc9d34aa5d5f1eb4b94/1040g00831ovqc3dt1k004buoqr9chj0rmu3uuug!nd_dft_wlteh_webp_3,,1769572157621,https://www.xiaohongshu.com/explore/691ac1c2000000001b022a1d?xsec_token=AB1ijmx6f8emvABid1FkKENIeD3vLILiliLBkIR5R8KOI=&xsec_source=pc_search,山姆排队,AB1ijmx6f8emvABid1FkKENIeD3vLILiliLBkIR5R8KOI=
695b585d000000000a03deaf,normal,你会选择去合肥的山姆超市买东西吗？,"元旦去了趟山姆超市，寒风瑟瑟在门口排了将近半个小时队，家里人停车停了快1个小时，一直在排队进车库，好不容易排队快排到了直接说满了让停别处去，真服了。就不能早点提前告知下吗？为啥要让人一直在排队耽误时间(~_~💧)
进去里面更是人挤人，推车又特别大，二楼空间都挪不动路，想找点啥都是人挤人推车挤人，毫无体验感可言[笑哭R] 要怪就怪那句“来都来了”作祟[叹气R]以后不会再来了，除非二店三店开到家门口[害羞R]",,1767594077000,1767594142000,64956944000000001f0070e4,是小七呀,https://sns-avatar-qc.xhscdn.com/avatar/1040g2jo31nfuatv34s105p4ld527os74prf14u8,8,,127,6,安徽,http://sns-webpic-qc.xhscdn.com/202601281149/dd40842439e1f005ed81e391d9048f42/note_pre_post_uhdr/1040g3r831qus5c17n2d05p4ld527os7485iud80!nd_dft_wgth_webp_3,,1769572157625,https://www.xiaohongshu.com/explore/695b585d000000000a03deaf?xsec_token=ABMYhyTkNIlmCzlIObPbwXDqwRhCbtzlmpr8oF-CAOS84=&xsec_source=pc_search,山姆排队,ABMYhyTkNIlmCzlIObPbwXDqwRhCbtzlmpr8oF-CAOS84=
690ef40d000000000301bce0,normal,是谁周六又来山姆当排队大怨种了？？,"下雨天想吃火锅 来进货
然后…
#南昌山姆[话题]# #堵车[话题]# #怨种[话题]#",,1762587661000,1762587662000,65ae87b2000000001300bc33,卡戴平要买奔奔,https://sns-avatar-qc.xhscdn.com/avatar/1040g2jo31jgesbhtj0705pdegup4pf1j1ik9g70,8,3,10,1,,http://sns-webpic-qc.xhscdn.com/202601281149/5e94532900b28f6935514967fc8709cf/1040g00831ok9dh14mg005pdegup4pf1jecqnh5g!nd_dft_wgth_webp_3,"南昌山姆,堵车,怨种",1769572157631,https://www.xiaohongshu.com/explore/690ef40d000000000301bce0?xsec_token=ABQpy00Vgh2H27DHt6xTj-2h1OUz7aIf3-xH4NK4U6468=&xsec_source=pc_search,山姆排队,ABQpy00Vgh2H27DHt6xTj-2h1OUz7aIf3-xH4NK4U6468=
693e5130000000001e004abf,normal,扬州山姆排队现状,"人越来越多
三个楼层都在限流了[呃R]
#山姆[话题]# #扬州山姆[话题]# #山姆新品[话题]# #山姆美食[话题]# #扬州旅行[话题]# #扬州[话题]#",,1765691696000,1765691697000,5fd739b8000000000101e518,再吃一口芋泥铜锣烧🥞,https://sns-avatar-qc.xhscdn.com/avatar/1040g2jo31gkjf81tj4005nun76s0bp8ok8fovao,8,1,13,39,,"http://sns-webpic-qc.xhscdn.com/202601281151/f545cf16881ee634de9bddbf96a85180/1040g2sg31q2hitjrmu105nun76s0bp8oie1r40o!nd_dft_wlteh_webp_3,http://sns-webpic-qc.xhscdn.com/202601281151/7ca2c7b11163842cdd05014df5c68af6/1040g2sg31q2hitjrmu005nun76s0bp8o0s1lv6g!nd_dft_wlteh_webp_3,http://sns-webpic-qc.xhscdn.com/202601281151/bd2faae88df1f251321371d92c6b7f5a/1040g2sg31q2hitjrmu0g5nun76s0bp8o8rmke5g!nd_dft_wlteh_webp_3","山姆,扬州山姆,山姆新品,山姆美食,扬州旅行,扬州",1769572328329,https://www.xiaohongshu.com/explore/693e5130000000001e004abf?xsec_token=ABDleG3PAp061vOvRsOEfY521vJAYjf6phE4VTbKUIleI=&xsec_source=pc_search,山姆排队,ABDleG3PAp061vOvRsOEfY521vJAYjf6phE4VTbKUIleI=
6963691c000000000e00e7fe,normal,扬州山姆今日排队实况一个半小时,再见[扯脸H]我就不进去了,,1768122652000,1768122653000,575850ce5e87e7707dee016a,jiying,https://sns-avatar-qc.xhscdn.com/avatar/1040g2jo31r5o92e20a0048fhge8cs0ba480ttj8,8,2,39,77,江苏,http://sns-webpic-qc.xhscdn.com/202601281151/22c4680bdf8606bb3c1f20e8081a821f/notes_uhdr/1040g3qo31r6oqdf4nu7048fhge8cs0ba8phn8ag!nd_dft_wgth_webp_3,,1769572328333,https://www.xiaohongshu.com/explore/6963691c000000000e00e7fe?xsec_token=ABXDTHit9Z0E-hILOYCFWejkuK3TzsRRRWAVSgej-A3-E=&xsec_source=pc_search,山姆排队,ABXDTHit9Z0E-hILOYCFWejkuK3TzsRRRWAVSgej-A3-E=
6799a8b7000000002a00d1d5,normal,大年初一山姆果然完全不排队,"雨花客厅店，年前每天刷到人多限流
大年初一来了一点不挤，12点出来到了就结账。
#山姆[话题]#",,1738123447000,1738123448000,5a1775864eacab4036d7be76,草草石,https://sns-avatar-qc.xhscdn.com/avatar/1040g2jo31lgsciju526g49vqkrqodfjmp3fb0mg,8,,9,6,,"http://sns-webpic-qc.xhscdn.com/202601281151/5b1e9a897c993a9628b205d6d832b22c/1040g2sg31d7o2qf916d049vqkrqodfjmb5hfdb8!nd_dft_wgth_webp_3,http://sns-webpic-qc.xhscdn.com/202601281151/77802f6e651ac5f79e004ff058070aa3/1040g00831d7o2qf9h2d049vqkrqodfjmle3dc30!nd_dft_wlteh_webp_3,http://sns-webpic-qc.xhscdn.com/202601281151/61eb905a37eec58d48ed1b4890fe9fa0/1040g2sg31d7o2qfa126g49vqkrqodfjm84qu2vo!nd_dft_wlteh_webp_3,http://sns-webpic-qc.xhscdn.com/202601281151/2e3b8a5833184a42e7e16e8077e078a7/1040g2sg31d7o2qfh086g49vqkrqodfjm70e20co!nd_dft_wlteh_webp_3",山姆,1769572328339,https://www.xiaohongshu.com/explore/6799a8b7000000002a00d1d5?xsec_token=ABr_WKFnLD0gOPPej9MQeFKZymeArE8hHt6bTzoD_6J6k=&xsec_source=pc_search,山姆排队,ABr_WKFnLD0gOPPej9MQeFKZymeArE8hHt6bTzoD_6J6k=
6794aeaa0000000018005bb4,normal,天河山姆入场排长队30分钟以上,见不到队尾，被九曲十八弯的队伍吓退[汗颜R][笑哭R]有工作人员举牌排队30分钟，门外都这样，不敢想门内的盛况了，大家要来的改期吧！#人人人从从从众众众[话题]# #山姆[话题]# #天河山姆[话题]# #周末[话题]# #感受人潮拥挤[话题]# #到处都是人[话题]#,,1737797291000,1737797291000,5821f89a6a6a696c344a4c08,豆子发芽芽芽,https://sns-avatar-qc.xhscdn.com/avatar/1000g2jo2q8mt2ssjm00048r3b2s9kj08dfdr598,8,,,25,,"http://sns-webpic-qc.xhscdn.com/202601281151/7d3ddd7a03eec3d984b790293ac67b88/1040g00831d2shq24gk1048r3b2s9kj084ktp2ug!nd_dft_wlteh_webp_3,http://sns-webpic-qc.xhscdn.com/202601281151/8d9d010ee2cbdb41934c50f146a63590/1040g00831d2shq24gk1g48r3b2s9kj08cef1vhg!nd_dft_wlteh_webp_3,http://sns-webpic-qc.xhscdn.com/202601281151/342fa3fdd5fb541f8183fc80064e19b5/1040g00831d2shq24gk2048r3b2s9kj0862kcvv0!nd_dft_wlteh_webp_3","人人人从从从众众众,山姆,天河山姆,周末,感受人潮拥挤,到处都是人",1769572328343,https://www.xiaohongshu.com/explore/6794aeaa0000000018005bb4?xsec_token=ABm2_NdqlQc4PSb9nndctSa4hJ4FszskW2wDgEtW2Yn8o=&xsec_source=pc_search,山姆排队,ABm2_NdqlQc4PSb9nndctSa4hJ4FszskW2wDgEtW2Yn8o=
6964803f000000000e03e9a0,normal,去山姆不试吃巨亏,"吗？我是一次也没试吃过
每次看到各种排队的就不理解但尊重",,1768194111000,1768194112000,60b31bd40000000001007a97,壹拗yao,https://sns-avatar-qc.xhscdn.com/avatar/1040g2jo314ehgs8n6e5g5o5j3fa08uknqali4t8,7,2,140,,上海,http://sns-webpic-qc.xhscdn.com/202601281151/0f64ae06742d4f03b4d31017af78b867/1040g00831r7qpnq600605o5j3fa08ukn3j2s9o0!nd_dft_wlteh_webp_3,,1769572328347,https://www.xiaohongshu.com/explore/6964803f000000000e03e9a0?xsec_token=ABrt4jJUmqjI3CEB4Bq3EEkqjyP1W2QPQhO4i34x2hZvA=&xsec_source=pc_search,山姆排队,ABrt4jJUmqjI3CEB4Bq3EEkqjyP1W2QPQhO4i34x2hZvA=
6974a9b6000000000903978e,normal,1月24日周末的扬州山姆超市，每个周末的人都非常多，如果你想周末过来的话，一定要提前约时间，因为我们每天进出是有次数限制的。下午如果来的话，在一点半之前最好，后面就要排长队了， 想来的和我约时间哦[害羞R][微笑R][害羞R][微笑R],1月24日周末的扬州山姆超市，每个周末的人都非常多，如果你想周末过来的话，一定要提前约时间，因为我们每天进出是有次数限制的。下午如果来的话，在一点半之前最好，后面就要排长队了， 想来的和我约时间哦[害羞R][微笑R][害羞R][微笑R],,1769253302000,1769253302000,58f1aacaa9b2ed158403fc45,扬州山姆带进～艾果,https://sns-avatar-qc.xhscdn.com/avatar/1040g2jo31rlv9ii926dg49d8talclv25k7utl88,6,,5,2,江苏,"http://sns-webpic-qc.xhscdn.com/202601281151/31a995aa38429cd13bb22228228742a4/notes_pre_post/1040g3k831rnjrk8n20d049d8talclv258oiq3jg!nd_dft_wgth_webp_3,http://sns-webpic-qc.xhscdn.com/202601281151/ab3329696fac9d69f78286b8c40e28a4/notes_pre_post/1040g3k831rnjrk8n20a049d8talclv25fo1vjc8!nd_dft_wlteh_webp_3,http://sns-webpic-qc.xhscdn.com/202601281151/2ecf47d67fd5f19f652dc48d9694ff77/notes_pre_post/1040g3k831rnjrk8n20dg49d8talclv25fv0cdg0!nd_dft_wgth_webp_3,http://sns-webpic-qc.xhscdn.com/202601281151/8d3a880251f29dcf9dc2312389b03ccc/notes_pre_post/1040g3k831rnjrk8n20bg49d8talclv25ar9mq3o!nd_dft_wgth_webp_3,http://sns-webpic-qc.xhscdn.com/202601281151/a47cf924ad781f913e4874c5eb5f9011/notes_pre_post/1040g3k831rnjrk8n20b049d8talclv25m8v61lo!nd_dft_wgth_webp_3,http://sns-webpic-qc.xhscdn.com/202601281151/cb819b04874aad81c93132a23df467e1/notes_pre_post/1040g3k831rnjrk8n209049d8talclv25sujde0g!nd_dft_wgth_webp_3,http://sns-webpic-qc.xhscdn.com/202601281151/bd51db071a55d120fba8fff6e6961ee5/notes_pre_post/1040g3k831rnjrk8n20ag49d8talclv25s6tn228!nd_dft_wgth_webp_3,http://sns-webpic-qc.xhscdn.com/202601281151/6b3b7baffdf8d644d1c70cf3366c9b7f/notes_pre_post/1040g3k831rnjrk8n208g49d8talclv25miuqmgo!nd_dft_wgth_webp_3,http://sns-webpic-qc.xhscdn.com/202601281151/fe37447de0dc338ede712fb8f6e28a02/notes_pre_post/1040g3k831rnjrk8n20cg49d8talclv25cjsamuo!nd_dft_wgth_webp_3",,1769572328351,https://www.xiaohongshu.com/explore/6974a9b6000000000903978e?xsec_token=ABUufGPaZvyQEXZqy2Frldl6EN6RnCCdzTc8CTnLlw-FY=&xsec_source=pc_search,山姆排队,ABUufGPaZvyQEXZqy2Frldl6EN6RnCCdzTc8CTnLlw-FY=
693589c7000000001e02af41,normal,昌平山姆劝退！人多到怀疑人生…谁懂啊😭,"北京最大山姆果然名不虚传——火到离谱！！！开车堵在定泗路半天没挪窝，导航红得像预警信号，1150个车位全满，进场又排了半小时，好不容易冲进去，货架前全是“人墙”，体感比春运还挤🤯
#山姆[话题]# #昌平[话题]# #沉浸式逛超市[话题]# #哪里都是人[话题]# #逛超市的日常[话题]# #到处都是人[话题]# #人从众模式[话题]#",,1765116359000,1766206081000,607e84e20000000001005fca,星晴,https://sns-avatar-qc.xhscdn.com/avatar/607e84e20000000001005fca.jpg,7,1,31,37,,"http://sns-webpic-qc.xhscdn.com/202601281151/46ecf30d3096e6de1432148e0a60602a/notes_pre_post/1040g3k831ppv4ka54g905o3ugjh08nuaks9q3s8!nd_dft_wlteh_webp_3,http://sns-webpic-qc.xhscdn.com/202601281151/a962160087ba05819a8546e70e429ec2/notes_pre_post/1040g3k831ppv4ka54g705o3ugjh08nuavdh6bi8!nd_dft_wlteh_webp_3,http://sns-webpic-qc.xhscdn.com/202601281151/3325fd211c547d9fd84be2590c513a87/notes_pre_post/1040g3k831ppv4ka54g7g5o3ugjh08nuan6k1et0!nd_dft_wlteh_webp_3,http://sns-webpic-qc.xhscdn.com/202601281151/891951c128cf5d41c15985a7d6e72f7e/notes_pre_post/1040g3k831ppv4ka54g805o3ugjh08nuas8t30g8!nd_dft_wlteh_webp_3,http://sns-webpic-qc.xhscdn.com/202601281151/f56d14f45052dc9ea2b77b6867366a51/notes_pre_post/1040g3k831ppv4ka54g8g5o3ugjh08nuakjd893o!nd_dft_wlteh_webp_3,http://sns-webpic-qc.xhscdn.com/202601281151/6f3a23dd520a4989343859cc40cfaf6f/notes_pre_post/1040g3k831ppv4ka54g9g5o3ugjh08nua6gf9csg!nd_dft_wlteh_webp_3,http://sns-webpic-qc.xhscdn.com/202601281151/55bbddb6bf4cf49e7c6d94d7c569b9f3/notes_pre_post/1040g3k831ppv4ka54ga05o3ugjh08nuapqcdpb8!nd_dft_wlteh_webp_3,http://sns-webpic-qc.xhscdn.com/202601281151/bea61ac35fae381ccbc7c2892209b0c6/notes_pre_post/1040g3k831ppv4ka54gag5o3ugjh08nua8ku7h9o!nd_dft_wlteh_webp_3,http://sns-webpic-qc.xhscdn.com/202601281151/a529f929d122cb08e27253f3c70452ff/notes_pre_post/1040g3k831ppv4ka54gb05o3ugjh08nuag7pg43g!nd_dft_wlteh_webp_3","山姆,昌平,沉浸式逛超市,哪里都是人,逛超市的日常,到处都是人,人从众模式",1769572328357,https://www.xiaohongshu.com/explore/693589c7000000001e02af41?xsec_token=ABWau5VObAbOxotIm1Nqkm2lWykBjvrSnQhU_Uk8qqNkI=&xsec_source=pc_search,山姆排队,ABWau5VObAbOxotIm1Nqkm2lWykBjvrSnQhU_Uk8qqNkI=
681825640000000021005b52,normal,"5.5的天津山姆
八点20分到，10点半多点离开时，大部队才开始涌进。#避开高峰期[话题]#","5.5的天津山姆
八点20分到，10点半多点离开时，大部队才开始涌进。#避开高峰期[话题]#",,1746412900000,1746412901000,5a1abca411be107d6d7c33c7,Ayiyi,https://sns-avatar-qc.xhscdn.com/avatar/411309441983cdc4ce073ff8da73b5b6.jpg,7,,24,2,,"http://sns-webpic-qc.xhscdn.com/202601281151/6be1cfa13fa44bbb546143666288c5b9/1040g00831h37qjb3ji0049vtb0ua8cu703qg60o!nd_dft_wlteh_webp_3,http://sns-webpic-qc.xhscdn.com/202601281151/a8a57b18f1caf3a5d4e390c83eaee2ad/1040g00831h37qjb3ji0g49vtb0ua8cu7i0cq1bo!nd_dft_wlteh_webp_3,http://sns-webpic-qc.xhscdn.com/202601281151/a324e193cc8bccea3da1f671f37a211e/1040g00831h37qjb3ji1049vtb0ua8cu7atlf1m0!nd_dft_wlteh_webp_3,http://sns-webpic-qc.xhscdn.com/202601281151/54ec5619385bef2a87c2fc89f189c38d/1040g00831h37qjb3ji1g49vtb0ua8cu7u4qqv3o!nd_dft_wlteh_webp_3",避开高峰期,1769572328363,https://www.xiaohongshu.com/explore/681825640000000021005b52?xsec_token=AB00mjYYI-xQIfmpAOXIdlRGw-w4U-f0ZT3YDheasyI3Y=&xsec_source=pc_search,山姆排队,AB00mjYYI-xQIfmpAOXIdlRGw-w4U-f0ZT3YDheasyI3Y=
6976b5bf00000000280093f5,normal,山姆的服务真好,周末带着老婆孩子一起去逛山姆，非常不巧，宝贝在停车场就拉臭臭了。但是人特别多，必须要排队，就跟停车场入口的工作人员协商，让我两先去母婴室给宝贝洗个屁屁。但是她们拒绝了，让我先排队，老婆带宝贝去洗。旁边一位姓王的美女过来问我们遇见了什么困难，我就告诉她我们需要一起去是因为我两平时都没怎么带宝宝，都是两个妈妈带的，不太会。她听到后立马提出让我先排队，她去帮助我的老婆带宝宝处理。后来我老婆告诉我，工作人员很细致，都是用的流水帮忙处理的（有宝宝的懂得都懂，我家还是女宝宝），实在太感动了，小红书的第一篇发布想给这位工作人员和山姆的服务点个赞。#山姆[话题]# #服务态度好[话题]# #服务态度赞[话题]# #优质的服务[话题]#,,1769387455000,1769387456000,63d8e8a5000000002702a55f,葡萄很甜,https://sns-avatar-qc.xhscdn.com/avatar/63d8e8a5000000002702a55f.jpg,7,,11,1,江苏,http://sns-webpic-qc.xhscdn.com/202601281151/9f5b91eb5726b68759fc5edb6279ec5f/notes_pre_post/1040g3k031rpjn2ipia005ouot2ipt9av2t12lmg!nd_dft_wlteh_webp_3,"山姆,服务态度好,服务态度赞,优质的服务",1769572328367,https://www.xiaohongshu.com/explore/6976b5bf00000000280093f5?xsec_token=ABoQ0oCp6aP2Zxz9x5HIrHEOuR_pJXSE4wIKNINX9CznY=&xsec_source=pc_search,山姆排队,ABoQ0oCp6aP2Zxz9x5HIrHEOuR_pJXSE4wIKNINX9CznY=
692ae9fe000000001e0245ea,normal,晚上八点的山姆昌平店😂😂人从众,"坏消息：
逛个超市还要排队等位[赞R]
停车要等一波
进去逛还要等一波
😎好消息：
大概排了十分钟就进来了[笑哭R][暗中观察R]
里边的人流量跟顺义周末差不多，可以接受",,1764420094000,1764420095000,593661e36a6a692b0dc4843b,是D酱呀！,https://sns-avatar-qc.xhscdn.com/avatar/593de5feb46c5d61686437ed.jpg,7,1,11,15,,"http://sns-webpic-qc.xhscdn.com/202601281151/c93b53a71070fb6e9c7b1d8dd5553951/notes_uhdr/1040g3qg31pfj9ptf3ce049io6tgu711rn25hup8!nd_dft_wlteh_webp_3,http://sns-webpic-qc.xhscdn.com/202601281151/7b903e18e77243ead79bb02eaede865b/notes_uhdr/1040g3qg31pfj9ptf3ceg49io6tgu711rdd6t1ro!nd_dft_wlteh_webp_3,http://sns-webpic-qc.xhscdn.com/202601281151/6907c57a1b4bbc42210224b2ca228723/notes_uhdr/1040g3qg31pfj9ptf3cf049io6tgu711r6c28it8!nd_dft_wlteh_webp_3,http://sns-webpic-qc.xhscdn.com/202601281151/edcecbf881a54e59ff20b254a1bb1e72/1040g00831pfi5c252u0049io6tgu711r46nrtmg!nd_dft_wlteh_webp_3",,1769572328373,https://www.xiaohongshu.com/explore/692ae9fe000000001e0245ea?xsec_token=ABUuqLc5YrifzOkgAal9SLOI6SI4g0KZlR-wtXpVINwsE=&xsec_source=pc_search,山姆排队,ABUuqLc5YrifzOkgAal9SLOI6SI4g0KZlR-wtXpVINwsE=
67948775000000002901bfb3,normal,今日山姆，人山人海,"这是结账处现状[哭惹R]
#山姆[话题]# #山姆超市[话题]# #山姆好物[话题]#",,1737787253000,1737787254000,55645daa62a60c25358a3c3a,午餐肉和小豆丁,https://sns-avatar-qc.xhscdn.com/avatar/615878a890c1f1aa4dca78e0.jpg,7,,6,35,,"http://sns-webpic-qc.xhscdn.com/202601281151/53f285196a6340b397657d6fc8dcea67/1040g2sg31d2noo9rh27040mhnkeqkf1qri3lao8!nd_dft_wlteh_webp_3,http://sns-webpic-qc.xhscdn.com/202601281151/fb2119a9a493f61fdbb851526124e4d0/1040g2sg31d2noo9rh27g40mhnkeqkf1qe7874j0!nd_dft_wlteh_webp_3,http://sns-webpic-qc.xhscdn.com/202601281151/e119739bf384531e31a3d1aad45d7d3b/1040g2sg31d2noo9rh28040mhnkeqkf1q7skp85g!nd_dft_wlteh_webp_3,http://sns-webpic-qc.xhscdn.com/202601281151/cb12a3c4ba8d9d0df77517875f0ba228/1040g2sg31d2noo9rh28g40mhnkeqkf1q0hee8ag!nd_dft_wlteh_webp_3","山姆,山姆超市,山姆好物",1769572328378,https://www.xiaohongshu.com/explore/67948775000000002901bfb3?xsec_token=ABm2_NdqlQc4PSb9nndctSa7l0BcHtnenSEScvvRKC2lM=&xsec_source=pc_search,山姆排队,ABm2_NdqlQc4PSb9nndctSa7l0BcHtnenSEScvvRKC2lM=
6970b4b9000000002203a755,normal,山姆买苹果手机,"一进来就要给我排队买手机的老公[捂脸R]
我拒绝了❌",,1768993977000,1768993978000,5c6f7241000000001103fa51,来看看,https://sns-avatar-qc.xhscdn.com/avatar/5c6f7329ac05f800017b2262.jpg,6,,11,12,江西,http://sns-webpic-qc.xhscdn.com/202601281151/764694dad205fbb9bd332454ab1a439e/notes_uhdr/1040g3qg31rjo9p2k2s005n3fe90kfuihqmgr8gg!nd_dft_wlteh_webp_3,,1769572328384,https://www.xiaohongshu.com/explore/6970b4b9000000002203a755?xsec_token=ABek0-8rHoDjVGsXaXs0DOg8KjsHZUt8f5Bnv04_dBPdU=&xsec_source=pc_search,山姆排队,ABek0-8rHoDjVGsXaXs0DOg8KjsHZUt8f5Bnv04_dBPdU=
6974bb4e000000002203885f,normal,萧山山姆已进入春运模式,萧山山姆的口子都用上了绕圈的栏杆，为了限流，地下一二层进入也需要绕杆排队，地面的人排队更多#人人人从从从众众众[话题]# #山姆[话题]# #到处都是人人人[话题]#,,1769257806000,1769257807000,586a4b8282ec397f6eedac39,ccc,https://sns-avatar-qc.xhscdn.com/avatar/166ad12ae9a7f6fbb4bbbf88d417895f.jpg,6,1,,223,浙江,"http://sns-webpic-qc.xhscdn.com/202601281151/a0db15316c8cb9eda720b8cca97c64bd/notes_pre_post/1040g3k031rnltb3jig10490nb95o5b1pqefqido!nd_dft_wlteh_webp_3,http://sns-webpic-qc.xhscdn.com/202601281151/6dae0ab06605519a1dcd673ae5bed96b/notes_pre_post/1040g3k031rnltb3jig00490nb95o5b1pji48dqg!nd_dft_wgth_webp_3,http://sns-webpic-qc.xhscdn.com/202601281151/2a6ad5079d2b6e983f442f3fd89f6492/notes_pre_post/1040g3k031rnltb3jig0g490nb95o5b1p75tk3io!nd_dft_wgth_webp_3","人人人从从从众众众,山姆,到处都是人人人",1769572328388,https://www.xiaohongshu.com/explore/6974bb4e000000002203885f?xsec_token=ABUufGPaZvyQEXZqy2FrldlwnIUhTPStLWSJJm3BpeWw8=&xsec_source=pc_search,山姆排队,ABUufGPaZvyQEXZqy2FrldlwnIUhTPStLWSJJm3BpeWw8=
692074a2000000000d03e719,normal,🛒昌平北七家山姆开业｜先别着急来,"-
别着急来了
排队进去得排一小时💧门口会发矿泉水
里面人也很多🛒大推车也推不动
	
#逛超市的日常[话题]# #人人从从众众𠈌𠈌[话题]# #山姆[话题]# #山姆超市[话题]# #超市[话题]# #超市分享[话题]# #购物大型超市[话题]# #新店开业[话题]#",,1763734690000,1763734691000,564e0b91c2bdeb04dd90dc5d,绿豆小太阳,https://sns-avatar-qc.xhscdn.com/avatar/1040g2jo31bhiae81gu0042l2o65p3n2thkqc8j8,7,,2,19,,"http://sns-webpic-qc.xhscdn.com/202601281151/d32542fbdaf79b0621e6a9667c57da2a/note_pre_post_uhdr/1040g3r031p5907egiub042l2o65p3n2tv5080no!nd_dft_wlteh_webp_3,http://sns-webpic-qc.xhscdn.com/202601281151/d8c42c26aa93ab784d894a3b0a7a6104/note_pre_post_uhdr/1040g3r031p5907egiuc042l2o65p3n2t5ecbpuo!nd_dft_wlteh_webp_3,http://sns-webpic-qc.xhscdn.com/202601281151/fa0bd4608352d787ff6f765fcf92c2dc/note_pre_post_uhdr/1040g3r031p5907egiucg42l2o65p3n2t1pftaro!nd_dft_wlteh_webp_3,http://sns-webpic-qc.xhscdn.com/202601281151/e5b5c406b434341573275e0ef2e44d7a/note_pre_post_uhdr/1040g3r031p5907egiud042l2o65p3n2t3eqvpn0!nd_dft_wlteh_webp_3,http://sns-webpic-qc.xhscdn.com/202601281151/916ea3a88b43480f66b8ef8b291ff922/note_pre_post_uhdr/1040g3r031p5907egiudg42l2o65p3n2tvbs2cb0!nd_dft_wlteh_webp_3,http://sns-webpic-qc.xhscdn.com/202601281151/3ada9687e549f49b919a3441d8e8d276/note_pre_post_uhdr/1040g3r031p5907egiubg42l2o65p3n2tt9db608!nd_dft_wlteh_webp_3,http://sns-webpic-qc.xhscdn.com/202601281151/7683d5945a6560054a3021f1e0c33a83/note_pre_post_uhdr/1040g3r831p5cdonniu8042l2o65p3n2tpnk35m8!nd_dft_wlteh_webp_3,http://sns-webpic-qc.xhscdn.com/202601281151/8c05edf0d51902118a185e18e2e7eed2/note_pre_post_uhdr/1040g3r831p5cdonniu7042l2o65p3n2t863k0c0!nd_dft_wlteh_webp_3,http://sns-webpic-qc.xhscdn.com/202601281151/c211ab1d29119dd34bb35e8a11e144d5/note_pre_post_uhdr/1040g3r831p5cdonniu7g42l2o65p3n2t3kjjos0!nd_dft_wlteh_webp_3","逛超市的日常,人人从从众众𠈌𠈌,山姆,山姆超市,超市,超市分享,购物大型超市,新店开业",1769572328393,https://www.xiaohongshu.com/explore/692074a2000000000d03e719?xsec_token=ABrI7AOFNCNisWs5my5HIvFnExvW2bh7Bh-JTo33G3-QU=&xsec_source=pc_search,山姆排队,ABrI7AOFNCNisWs5my5HIvFnExvW2bh7Bh-JTo33G3-QU=
69742078000000002103c587,normal,国补买17，9:05到的，前面排队好几个人,"好多人，武侯山姆买iPhone17。
来晚了，排队排队排队
#iPhone17[话题]# #国补[话题]##武侯山姆[话题]##国补手机[话题]#",,1769218168000,1769218168000,59a2834250c4b43ce7edd79e,Nan,https://sns-avatar-qc.xhscdn.com/avatar/1040g2jo31j49fqqahg0049or6j1k5lsut0dsuvg,6,2,58,24,四川,"http://sns-webpic-qc.xhscdn.com/202601281151/f6187792d575459ae7a806c31cb14767/1040g00831rn33lcsia0049or6j1k5lsuk6uif0o!nd_dft_wlteh_webp_3,http://sns-webpic-qc.xhscdn.com/202601281151/2b7d4a73161c27f3250e3e063bbae929/notes_uhdr/1040g3qg31rn36kl1is0049or6j1k5lsu8amh6eg!nd_dft_wlteh_webp_3","iPhone17,国补,武侯山姆,国补手机",1769572328397,https://www.xiaohongshu.com/explore/69742078000000002103c587?xsec_token=ABUufGPaZvyQEXZqy2Frldl5XqZQYdSOnYX7Qd2pqBJm4=&xsec_source=pc_search,山姆排队,ABUufGPaZvyQEXZqy2Frldl5XqZQYdSOnYX7Qd2pqBJm4=
69201764000000000d03c765,normal,山姆开业排队两小时,"前方传来战况，今日北京昌平最大山姆开业，排队两小时[哭惹R][哭惹R][哭惹R]
图片来自圈圈
#购物大型超市[话题]# #山姆[话题]# #山姆开业[话题]# #昌平山姆[话题]# #昌平山姆开业[话题]# #山姆会员店[话题]# #到处都是人[话题]# #真是人从众呀[话题]# #他们说这里很火[话题]# #人人人到处都是人[话题]#",,1763710820000,1763710821000,66e979a8000000000d02609e,刘诗语Lik,https://sns-avatar-qc.xhscdn.com/avatar/1040g2jo31eatiduvgs6g5pn9f6k3co4ugdehmf8,6,,17,54,,"http://sns-webpic-qc.xhscdn.com/202601281151/09f0e3a860886270fb64772cfe9967e4/notes_pre_post/1040g3k831p510o692gdg5pn9f6k3co4upisp0e0!nd_dft_wlteh_webp_3,http://sns-webpic-qc.xhscdn.com/202601281151/6b91e37945e5deb730b389c2e9a2e087/notes_pre_post/1040g3k031p510o7jiu6g5pn9f6k3co4uddta18g!nd_dft_wlteh_webp_3,http://sns-webpic-qc.xhscdn.com/202601281151/103a6f97b9969d93870ad1f6feef2aef/notes_pre_post/1040g3k031p510o70iu6g5pn9f6k3co4uueavk80!nd_dft_wlteh_webp_3,http://sns-webpic-qc.xhscdn.com/202601281151/090267a8e22216f150be185493ed5fd6/notes_pre_post/1040g3k831p510o7iiod05pn9f6k3co4ulrlkrvg!nd_dft_wlteh_webp_3,http://sns-webpic-qc.xhscdn.com/202601281151/74acc5cf731474eeccfd44647add5be7/notes_pre_post/1040g3k031p510o7aig6g5pn9f6k3co4urh1upa0!nd_dft_wlteh_webp_3,http://sns-webpic-qc.xhscdn.com/202601281151/be51df6aee3bf36104d84d8e9cfa5407/notes_pre_post/1040g3k031p510o763c6g5pn9f6k3co4ugnttu88!nd_dft_wlteh_webp_3","购物大型超市,山姆,山姆开业,昌平山姆,昌平山姆开业,山姆会员店,到处都是人,真是人从众呀,他们说这里很火,人人人到处都是人",1769572328401,https://www.xiaohongshu.com/explore/69201764000000000d03c765?xsec_token=ABrI7AOFNCNisWs5my5HIvFkKwviYAi7qgHlteJVi6LzM=&xsec_source=pc_search,山姆排队,ABrI7AOFNCNisWs5my5HIvFkKwviYAi7qgHlteJVi6LzM=
67945f49000000002a00ddf4,video,八点半的沈阳山姆,没想到 八点半到山姆已经排队了,http://sns-video-al.xhscdn.com/stream/1/110/259/01e7945f48061ede01037003949b95570e_259.mp4,1737776969000,1737776969000,61449cd20000000002027104,超,https://sns-avatar-qc.xhscdn.com/avatar/63f8c1d0cfabd425adee1d62.jpg,6,,5,2,,http://sns-webpic-qc.xhscdn.com/202601281151/d248d9ac98064f3b6c32884e0366207c/1040g2sg31d2irslph26g5oa4jj90ks84ofm90eg!nd_dft_wlteh_webp_3,,1769572328405,https://www.xiaohongshu.com/explore/67945f49000000002a00ddf4?xsec_token=ABm2_NdqlQc4PSb9nndctSa6Fs0v6lyd5-aLWFKKwP2VE=&xsec_source=pc_search,山姆排队,ABm2_NdqlQc4PSb9nndctSa6Fs0v6lyd5-aLWFKKwP2VE=
6974697b000000001a024685,normal,告诉下你们，这个点扬州山姆又排队了,"里面真的是闷人了
推个小车都难推啊家人们[石化R]
你们都来买啥啊？全是人啊啊啊
#排队[话题]# #山姆[话题]# #人人人人人[话题]#",,1769236859000,1769236860000,5673dcdfb8c8b43f6e740cf7,嘻嘻哈哈的,https://sns-avatar-qc.xhscdn.com/avatar/1040g2jo31ab5rd4h7a6044e4j2edu37n4lo2k9g,5,,28,49,江苏,http://sns-webpic-qc.xhscdn.com/202601281152/16dadd5643bd3aa7be7dfe242101ce4c/1040g2sg31rnc2fr532k044e4j2edu37n71r23p8!nd_dft_wlteh_webp_3,"排队,山姆,人人人人人",1769572328409,https://www.xiaohongshu.com/explore/6974697b000000001a024685?xsec_token=ABUufGPaZvyQEXZqy2Frldl1ZpJVfex2CEsdQ1aluIMBI=&xsec_source=pc_search,山姆排队,ABUufGPaZvyQEXZqy2Frldl1ZpJVfex2CEsdQ1aluIMBI=
69240bb9000000001e0289ea,normal,第一次去山姆,昌平山姆开业第二天去，人真的特别多，在门口排队排了三四十分钟，进入之后也是人挤人，购物车又大，真的不好推，走两步就要停一下，一些分量特别大的东西都没有买，怕吃不完，最后感觉也没买多少东西，结果一结账，一个超吉利的数字666.8元[汗颜R]#山姆[话题]#,,1763969977000,1763969978000,60a87ede0000000001004144,想出去玩,https://sns-avatar-qc.xhscdn.com/avatar/1040g2jo31qlvnoi97u005o58frf08ga4b7fav9g,5,,4,2,,"http://sns-webpic-qc.xhscdn.com/202601281152/22148c13ab31b69949e5b706eef3f30a/1040g2sg31p8qsnef2g7g5o58frf08ga485hm678!nd_dft_wlteh_webp_3,http://sns-webpic-qc.xhscdn.com/202601281152/3ee2e5278de15e5d5e3f8314fb6ec3db/1040g2sg31p8qsnef2g705o58frf08ga4406ogto!nd_dft_wlteh_webp_3",山姆,1769572328414,https://www.xiaohongshu.com/explore/69240bb9000000001e0289ea?xsec_token=AB4zhImFv22gpOlnXKBdJYXrsltMzQgdBnRCQ8KFpzIzM=&xsec_source=pc_search,山姆排队,AB4zhImFv22gpOlnXKBdJYXrsltMzQgdBnRCQ8KFpzIzM=
6795878a000000001800a55d,normal,2025.01.26早上8:40萧山山姆入场排队,早上8:40到萧山山姆，地面停车场车位富裕，门口待入场已经开始排队，后面来人络绎不绝。估计到9点开门门口队伍得排满（到指示牌“入场人员已满”处）#山姆[话题]# #萧山山姆[话题]# #逛山姆排队半小时[话题]#,,1737852810000,1737853567000,5ab5c4fc4eacab150f490498,随便,https://sns-avatar-qc.xhscdn.com/avatar/5ab5c531d2c8a57103bb4f97.jpg,4,,21,47,,"http://sns-webpic-qc.xhscdn.com/202601281152/cd1aa25fcedb0bb4479402b0a4fd3bcb/1040g2sg31d3n18iqh0004a3s252fo14otuqu6lo!nd_dft_wgth_webp_3,http://sns-webpic-qc.xhscdn.com/202601281152/ccaf29fdcb1a71d3b4c1ae66ca816ff2/1040g2sg31d3n18iqh00g4a3s252fo14o8icbm48!nd_dft_wgth_webp_3","山姆,萧山山姆,逛山姆排队半小时",1769572328418,https://www.xiaohongshu.com/explore/6795878a000000001800a55d?xsec_token=ABNpwGtq35nftYZakgF4ZaxSwJrXueRSOiREnsnK5tnLY=&xsec_source=pc_search,山姆排队,ABNpwGtq35nftYZakgF4ZaxSwJrXueRSOiREnsnK5tnLY=
6970b4b9000000002203a755,normal,山姆买苹果手机,"一进来就要给我排队买手机的老公[捂脸R]
我拒绝了❌",,1768993977000,1768993978000,5c6f7241000000001103fa51,来看看,https://sns-avatar-qc.xhscdn.com/avatar/5c6f7329ac05f800017b2262.jpg,6,,11,12,江西,http://sns-webpic-qc.xhscdn.com/202601281153/bfe1e4eb8710496110b4d599d76bc129/notes_uhdr/1040g3qg31rjo9p2k2s005n3fe90kfuihqmgr8gg!nd_dft_wlteh_webp_3,,1769572499799,https://www.xiaohongshu.com/explore/6970b4b9000000002203a755?xsec_token=ABek0-8rHoDjVGsXaXs0DOg8KjsHZUt8f5Bnv04_dBPdU=&xsec_source=pc_search,山姆排队,ABek0-8rHoDjVGsXaXs0DOg8KjsHZUt8f5Bnv04_dBPdU=
69201764000000000d03c765,normal,山姆开业排队两小时,"前方传来战况，今日北京昌平最大山姆开业，排队两小时[哭惹R][哭惹R][哭惹R]
图片来自圈圈
#购物大型超市[话题]# #山姆[话题]# #山姆开业[话题]# #昌平山姆[话题]# #昌平山姆开业[话题]# #山姆会员店[话题]# #到处都是人[话题]# #真是人从众呀[话题]# #他们说这里很火[话题]# #人人人到处都是人[话题]#",,1763710820000,1763710821000,66e979a8000000000d02609e,刘诗语Lik,https://sns-avatar-qc.xhscdn.com/avatar/1040g2jo31eatiduvgs6g5pn9f6k3co4ugdehmf8,6,,17,54,,"http://sns-webpic-qc.xhscdn.com/202601281154/ace8f5bea52915e6e8924278ac1855c9/notes_pre_post/1040g3k831p510o692gdg5pn9f6k3co4upisp0e0!nd_dft_wlteh_webp_3,http://sns-webpic-qc.xhscdn.com/202601281154/d7e681a78c1c26f7f9a96ff54cb6de8b/notes_pre_post/1040g3k031p510o7jiu6g5pn9f6k3co4uddta18g!nd_dft_wlteh_webp_3,http://sns-webpic-qc.xhscdn.com/202601281154/531ff52186d0ad0520df10df5a3be106/notes_pre_post/1040g3k031p510o70iu6g5pn9f6k3co4uueavk80!nd_dft_wlteh_webp_3,http://sns-webpic-qc.xhscdn.com/202601281154/b9337ebd21438379bc716e169259e150/notes_pre_post/1040g3k831p510o7iiod05pn9f6k3co4ulrlkrvg!nd_dft_wlteh_webp_3,http://sns-webpic-qc.xhscdn.com/202601281154/ed0a33b11013996ffdce6bbef5f2c037/notes_pre_post/1040g3k031p510o7aig6g5pn9f6k3co4urh1upa0!nd_dft_wlteh_webp_3,http://sns-webpic-qc.xhscdn.com/202601281154/35d16919024982c922c42b9dadbad7bf/notes_pre_post/1040g3k031p510o763c6g5pn9f6k3co4ugnttu88!nd_dft_wlteh_webp_3","购物大型超市,山姆,山姆开业,昌平山姆,昌平山姆开业,山姆会员店,到处都是人,真是人从众呀,他们说这里很火,人人人到处都是人",1769572499805,https://www.xiaohongshu.com/explore/69201764000000000d03c765?xsec_token=ABrI7AOFNCNisWs5my5HIvFkKwviYAi7qgHlteJVi6LzM=&xsec_source=pc_search,山姆排队,ABrI7AOFNCNisWs5my5HIvFkKwviYAi7qgHlteJVi6LzM=
6974697b000000001a024685,normal,告诉下你们，这个点扬州山姆又排队了,"里面真的是闷人了
推个小车都难推啊家人们[石化R]
你们都来买啥啊？全是人啊啊啊
#排队[话题]# #山姆[话题]# #人人人人人[话题]#",,1769236859000,1769236860000,5673dcdfb8c8b43f6e740cf7,嘻嘻哈哈的,https://sns-avatar-qc.xhscdn.com/avatar/1040g2jo31ab5rd4h7a6044e4j2edu37n4lo2k9g,5,,28,49,江苏,http://sns-webpic-qc.xhscdn.com/202601281154/eca38d6a23cf1b8b58c00e4dff9ff06a/1040g2sg31rnc2fr532k044e4j2edu37n71r23p8!nd_dft_wlteh_webp_3,"排队,山姆,人人人人人",1769572499809,https://www.xiaohongshu.com/explore/6974697b000000001a024685?xsec_token=ABUufGPaZvyQEXZqy2Frldl1ZpJVfex2CEsdQ1aluIMBI=&xsec_source=pc_search,山姆排队,ABUufGPaZvyQEXZqy2Frldl1ZpJVfex2CEsdQ1aluIMBI=
696b91a0000000000d00a8ad,normal,"今天西溪印象城真的离谱啊
连山姆都要排队等候进场
出场的时候更加是一步步挪出去的[汗颜R]
#西溪印象城[话题]#","今天西溪印象城真的离谱啊
连山姆都要排队等候进场
出场的时候更加是一步步挪出去的[汗颜R]
#西溪印象城[话题]#",,1768657312000,1768657312000,6308b810000000000f004bd9,再睡亿分钟,https://sns-avatar-qc.xhscdn.com/avatar/1040g2jo31k09icqh2o005oo8n083oiupl3gv5p8,5,,43,74,浙江,"http://sns-webpic-qc.xhscdn.com/202601281154/410fd2694dd09568d6684548589268aa/notes_pre_post/1040g3k831rennut3g0705oo8n083oiupebctacg!nd_dft_wlteh_webp_3,http://sns-webpic-qc.xhscdn.com/202601281154/370870a29008e3d1bcbb06713e727aa7/notes_pre_post/1040g3k831rennut3g07g5oo8n083oiup27dpd38!nd_dft_wlteh_webp_3,http://sns-webpic-qc.xhscdn.com/202601281154/d113f2b591c72e097d28bc12687c7348/notes_pre_post/1040g3k831rennut3g0805oo8n083oiuphpp5isg!nd_dft_wlteh_webp_3",西溪印象城,1769572499813,https://www.xiaohongshu.com/explore/696b91a0000000000d00a8ad?xsec_token=ABY16yXbIeiy6kWQEEDPd0QrLIWaWBz7UA85MEpiL_FIo=&xsec_source=pc_search,山姆排队,ABY16yXbIeiy6kWQEEDPd0QrLIWaWBz7UA85MEpiL_FIo=
67945ddb0000000018010136,normal,年前山姆排队盛况,"河西山姆已经支起了排队帐篷，这种景象还只在旅游景点见到过，感觉长沙的人流全涌进了山姆，导致地铁、马路上都没什么人[偷笑R][偷笑R]
	
好消息：停车免费
	
温馨提示：山姆的购物车不够用了，进超市前一定要在地下停车场或者排队区域找到购物车
#长沙山姆[话题]# #山姆会员店[话题]# #山姆排队[话题]#",,1737776603000,1737776604000,5cd2963f00000000100238a0,猫毛书店,https://sns-avatar-qc.xhscdn.com/avatar/5cd2963f00000000100238a0.jpg,5,,18,23,,"http://sns-webpic-qc.xhscdn.com/202601281154/410a08da9230fdea5b241dd1424b6bc7/1040g00831d2imcuk0m6g5n6iiovk4e50ebbqp7o!nd_dft_wlteh_webp_3,http://sns-webpic-qc.xhscdn.com/202601281154/2e6c6d5e03bc427580f612b804fc1927/1040g00831d2imcuv0m605n6iiovk4e505r50gqo!nd_dft_wlteh_webp_3,http://sns-webpic-qc.xhscdn.com/202601281154/d6231c62f8aa43cf0f8d90a2894e3dcb/1040g2sg31d2imcutgsdg5n6iiovk4e508u5u7e0!nd_dft_wlteh_webp_3","长沙山姆,山姆会员店,山姆排队",1769572499817,https://www.xiaohongshu.com/explore/67945ddb0000000018010136?xsec_token=ABm2_NdqlQc4PSb9nndctSa1XbCD2wiVtb3AmG0cGl9EU=&xsec_source=pc_search,山姆排队,ABm2_NdqlQc4PSb9nndctSa1XbCD2wiVtb3AmG0cGl9EU=
6794d3a100000000290362d1,video,年前山姆排队现状🫣,#山姆超市[话题]#,http://sns-video-al.xhscdn.com/stream/1/110/259/01e794d3a10630c301037003949d5b17f5_259.mp4,1737806753000,1737806754000,5ca88b75000000001701e99f,是超级玛丽啊,https://sns-avatar-qc.xhscdn.com/avatar/1040g2jo31ipv37eb0s005n58hdqlrqcv9d423g0,5,,,7,,http://sns-webpic-qc.xhscdn.com/202601281154/2960ef3e5cb9e9342efa5dab9b05992f/1040g00831d312e6kge005n58hdqlrqcva6882rg!nd_dft_wlteh_webp_3,山姆超市,1769572499821,https://www.xiaohongshu.com/explore/6794d3a100000000290362d1?xsec_token=ABm2_NdqlQc4PSb9nndctSa0fUoS6M5JVX-6-5CItO_CQ=&xsec_source=pc_search,山姆排队,ABm2_NdqlQc4PSb9nndctSa0fUoS6M5JVX-6-5CItO_CQ=
679e0f2f000000001701d22e,normal,大过年的山姆也是人山人海无语😑了！,尊嘟附近想着大年初四去逛山姆，结果停车排队付款也排队也没有试吃！在山姆买东西真的值吗？#山姆超市[话题]# #山姆会员店[话题]##沉浸式逛超市[话题]# #购物大型超市[话题]# #人人人人人[话题]# #哪里都是人[话题]#,,1738411824000,1738411858000,5648aa0503eb8458e1bda128,hey微微,https://sns-avatar-qc.xhscdn.com/avatar/1040g2jo31gqomch23i0042fc9vl0b898rmfdi5o,5,5,2,,,"http://sns-webpic-qc.xhscdn.com/202601281154/b8e6741051e1ef0a76ff081f408b74f1/notes_pre_post/1040g3k031dc1hgl3gs0042fc9vl0b898fn374l0!nd_dft_wgth_webp_3,http://sns-webpic-qc.xhscdn.com/202601281154/5096954e5e9686743378534171e36d75/notes_pre_post/1040g3k031dc1hgl3gs0g42fc9vl0b898e3u46t8!nd_dft_wlteh_webp_3,http://sns-webpic-qc.xhscdn.com/202601281154/b5f0d9e9a2d5983200a6ff7d667f9f9b/notes_pre_post/1040g3k031dc1hgl3gs1042fc9vl0b898kadgpug!nd_dft_wlteh_webp_3,http://sns-webpic-qc.xhscdn.com/202601281154/46b34680e9231bcc5e351a866c927587/notes_pre_post/1040g3k031dc1hgl3gs1g42fc9vl0b898ljk12k0!nd_dft_wlteh_webp_3","山姆超市,山姆会员店,沉浸式逛超市,购物大型超市,人人人人人,哪里都是人",1769572499825,https://www.xiaohongshu.com/explore/679e0f2f000000001701d22e?xsec_token=ABlnT2ex_meFXK7XbIzq9Q-ihWZZWzGPH70JJVI7JTtZg=&xsec_source=pc_search,山姆排队,ABlnT2ex_meFXK7XbIzq9Q-ihWZZWzGPH70JJVI7JTtZg=
69577ca2000000001e01734b,normal,今日天河山姆现状。。。,刚拍的，下午4点#感受人潮拥挤[话题]# #人人人从从从众众众[话题]#,,1767341218000,1767341219000,5fb01b1a0000000001004ac6,菠萝派,https://sns-avatar-qc.xhscdn.com/avatar/1040g2jo31kubu61ojq5g5ntg3cd08im67ivn2n0,5,,36,49,广东,"http://sns-webpic-qc.xhscdn.com/202601281154/4bd90ff6fc07f15465973b00f9547194/note_pre_post_uhdr/1040g3r831qr45s40n26g5ntg3cd08im6u7hdr20!nd_dft_wgth_webp_3,http://sns-webpic-qc.xhscdn.com/202601281154/2298acd2a7a98a04da81d7c6babd693c/note_pre_post_uhdr/1040g3r831qr45s40n2005ntg3cd08im68lqtmko!nd_dft_wgth_webp_3,http://sns-webpic-qc.xhscdn.com/202601281154/965cbd714f34f59e539be990e6d75bbd/note_pre_post_uhdr/1040g3r831qr45s40n25g5ntg3cd08im6fv8rb3o!nd_dft_wgth_webp_3","感受人潮拥挤,人人人从从从众众众",1769572499827,https://www.xiaohongshu.com/explore/69577ca2000000001e01734b?xsec_token=ABJufRIDXYYkC5D7E6jRXqbnoVnmKd6VUb9oKWt1dh6RU=&xsec_source=pc_search,山姆排队,ABJufRIDXYYkC5D7E6jRXqbnoVnmKd6VUb9oKWt1dh6RU=
63c9d66e000000001c00475a,video,1.20 山姆,一睁眼老公已经去山姆排队了。。,http://sns-video-al.xhscdn.com/stream/110/259/01e3c9d640435c330103700385cc6dd1b3_259.mp4,1674172014000,1674172015000,5c63d7af000000001202475c,木木,https://sns-avatar-qc.xhscdn.com/avatar/64621a2741bdee136e8f9a13.jpg,4,1,16,46,,http://sns-webpic-qc.xhscdn.com/202601281154/d655259c611e74ce0222b53a441883f8/1000g0081tr6lq3gf80005n33qunkkhqsum24jt8!nd_dft_wlteh_webp_3,,1769572499831,https://www.xiaohongshu.com/explore/63c9d66e000000001c00475a?xsec_token=ABbzuijEAVMXDsr5gmIM9HY0M9ftSjDjzpgRA6fmf1KWs=&xsec_source=pc_search,山姆排队,ABbzuijEAVMXDsr5gmIM9HY0M9ftSjDjzpgRA6fmf1KWs=
6820a3cc000000002001e408,normal,真的没人吐槽山姆吗🙄真的一言难尽啊！！！,"大家千万不要在周末来山姆，人实在是太多了！！推车都堵车😭试吃要排好久啊，好多想吃的都没吃上！但架不住品质好囤起来优惠，但想逛一逛实在是太艰难了😭
	
#谁能解释这种现象[话题]# #别太离谱了[话题]# #家人们谁懂啊[话题]# #山姆美食[话题]# #西溪印象城山姆会员店[话题]# #人太多啦[话题]#",,1746969548000,1746971198000,67fb9432000000000e010ef2,Cielの零食小铺,https://sns-avatar-qc.xhscdn.com/avatar/1040g2jo31hs0urnp3i005pvrigp3i3nim6hioo0,4,1,6,1,,"http://sns-webpic-qc.xhscdn.com/202601281154/4078dd2e8a72afdb72c56f2a3c4dd468/notes_pre_post/1040g3k831hbhq021jie05pvrigp3i3nia43lblo!nd_dft_wlteh_webp_3,http://sns-webpic-qc.xhscdn.com/202601281154/43af197f30b374d20bd4395c9d2e08a4/notes_pre_post/1040g3k831hbhq021jieg5pvrigp3i3ni0m27br0!nd_dft_wgth_webp_3","谁能解释这种现象,别太离谱了,家人们谁懂啊,山姆美食,西溪印象城山姆会员店,人太多啦",1769572499836,https://www.xiaohongshu.com/explore/6820a3cc000000002001e408?xsec_token=ABOwKReAW5gLxrhy72VKBAHbMOtdQIJq5Kb6S5Z96RK8s=&xsec_source=pc_search,山姆排队,ABOwKReAW5gLxrhy72VKBAHbMOtdQIJq5Kb6S5Z96RK8s=
6974d713000000000b00b65f,normal,今日萧山山姆流量实测-0124🔍,"本来打算卡着山姆关门的点速逛一下
但是显然一样想法的人有很多[捂脸R]
粗略估摸下时间～
	
🚥到达印象城——约20:20（路口转弯掉头等待约5min）
🅿️寻找停车位用时约10min（这个点基本全是来山姆的，所以车流量也很大）
🔛进入山姆——约20:40（仍有控流，等待约5分钟后放行）
🛒内部人流——很多，有很多来采购年货的，基本每个区域过道都有4-5组购物车，人流量最大的还是生鲜水果区
🎁货量——货品基本都全的，有部分商品剩的数量不多（比如象山红美人去的时候只有两箱了导致差点没找到[笑哭R]，但有看到工作人员拉着板车积极补货！）
🧮结账排队约10min——基本每个人工柜台3-4辆购物车排队的样子，但工作人员蛮给力，疏导做的不错👍
	
#山姆[话题]# #真是人从众呀[话题]# #超市分享[话题]# #探店[话题]#",,1769264915000,1769265365000,5da5cfd10000000001001113,菠萝与鱼,https://sns-avatar-qc.xhscdn.com/avatar/1040g2jo31og9fn7a4q005nd5pv8g848j6fa69ig,4,,7,38,浙江,"http://sns-webpic-qc.xhscdn.com/202601281154/82538c4206750112719dbbd9e0a6c9ee/notes_pre_post/1040g3k031rnp2v2ui0105nd5pv8g848jooif280!nd_dft_wlteh_webp_3,http://sns-webpic-qc.xhscdn.com/202601281154/82e51cc6da0448ba7ff843fd4dd72738/notes_pre_post/1040g3k031rnp2v2ui01g5nd5pv8g848jl1882gg!nd_dft_wlteh_webp_3","山姆,真是人从众呀,超市分享,探店",1769572499839,https://www.xiaohongshu.com/explore/6974d713000000000b00b65f?xsec_token=ABUufGPaZvyQEXZqy2Frldl_qKQjlgK1n0Ty85NVJvU0U=&xsec_source=pc_search,山姆排队,ABUufGPaZvyQEXZqy2Frldl_qKQjlgK1n0Ty85NVJvU0U=
68c3e560000000001d00aefc,normal,中山山姆9.12下午三点现状,还是要排队，但不多，排了10分钟左右，但里面还是好多人，推车都得慢慢走,,1757668704000,1757668704000,5b08222c6b58b71e3558b3f7,^Samantha,https://sns-avatar-qc.xhscdn.com/avatar/1040g2jo31l3i1185jq6g4a5laeh2pcvnuldf05o,4,,11,5,,"http://sns-webpic-qc.xhscdn.com/202601281154/9507e6ce0242cf2406caaec7780bc3b0/notes_pre_post/1040g3k031mavvmtk4q404a5laeh2pcvnu3cv3u0!nd_dft_wlteh_webp_3,http://sns-webpic-qc.xhscdn.com/202601281154/7b827b396de31935eebd2b1f3851ab76/notes_pre_post/1040g3k031mavvmtk4q3g4a5laeh2pcvn2ajtipg!nd_dft_wlteh_webp_3,http://sns-webpic-qc.xhscdn.com/202601281154/39859fb0da52bb33ca12664b6150be18/notes_pre_post/1040g3k031mavvmtk4q4g4a5laeh2pcvnsa270so!nd_dft_wlteh_webp_3",,1769572499844,https://www.xiaohongshu.com/explore/68c3e560000000001d00aefc?xsec_token=ABelWS2T--ySNMd5wpgxOB_xDlc6gcQgfwNfb0F36LEGk=&xsec_source=pc_search,山姆排队,ABelWS2T--ySNMd5wpgxOB_xDlc6gcQgfwNfb0F36LEGk=
678b78f2000000001901e8f3,video,山姆今天人多到爆炸,入口这里排了好长一条队伍，周六大家都来山姆了吗#真是人从众呀[话题]# #人山人海人挤人[话题]# #山姆[话题]#,http://sns-video-al.xhscdn.com/stream/79/110/259/01e78b78f17ba8d8010370039478d0d5c6_259.mp4,1737193714000,1737193714000,63a4040d0000000026005d8b,小肚不圆,https://sns-avatar-qc.xhscdn.com/avatar/1040g2jo30uam70t75e605ot40g6pgncb2mi1o0g,4,2,3,27,,http://sns-webpic-qc.xhscdn.com/202601281154/0a7a79d769e12ad54f9469c6522bd208/1040g00831cpsnv570k6g5ot40g6pgncbed36fcg!nd_dft_wlteh_webp_3,"真是人从众呀,人山人海人挤人,山姆",1769572499846,https://www.xiaohongshu.com/explore/678b78f2000000001901e8f3?xsec_token=ABJ6SsQCWd8XAGZ2OC0mt-MqtAYeuTRFvKKxfyKJ6KJG0=&xsec_source=pc_search,山姆排队,ABJ6SsQCWd8XAGZ2OC0mt-MqtAYeuTRFvKKxfyKJ6KJG0=
69140d7e0000000007002947,normal,扬州山姆排队情况,"要排多久不好说
反正排队一小时牌子那一直都有人呢
所以应该起步一小时吧[偷笑R]#扬州山姆[话题]# #扬州山姆开业[话题]#",,1762921854000,1762921854000,56587455e00dd871e10ac76c,离退休还有19年,https://sns-avatar-qc.xhscdn.com/avatar/625fd6f7aac64b76d066d3f3.jpg,4,,1,2,,http://sns-webpic-qc.xhscdn.com/202601281154/eca11cea7b716c96bbcb1506b24de706/notes_pre_post/1040g3k031op8sh1t4q6g43bmi9q5bhrcvg4q8ro!nd_dft_wgth_webp_3,"扬州山姆,扬州山姆开业",1769572499850,https://www.xiaohongshu.com/explore/69140d7e0000000007002947?xsec_token=AB9oAsqnLnjT7mzef_1oF3UpiNqv7sWrs49nHTOdiq9AA=&xsec_source=pc_search,山姆排队,AB9oAsqnLnjT7mzef_1oF3UpiNqv7sWrs49nHTOdiq9AA=
69218f0e000000001e037bfc,normal,昌平山姆排队进场1小时,"此时此刻工作人员告诉我们入场大概要排一小时
	
谁告诉我今天必比昨天人少的😂经济下行我没感受出来🤦
	
ps：排队进停车场的20分钟都够我开去顺义山姆了😂
#山姆[话题]# #逛超市的日常[话题]# #真是人从众呀[话题]#",,1763806990000,1763806990000,5c5995bd00000000100216ca,开心大苞米,https://sns-avatar-qc.xhscdn.com/avatar/1040g2jo312pg141siu505n2pimuk45ma9vrspmo,4,1,10,12,,"http://sns-webpic-qc.xhscdn.com/202601281154/0534fe124f48164f65d0801ec0b41058/notes_uhdr/1040g3qg31p6eui8jio0g5n2pimuk45maaod4d8g!nd_dft_wlteh_webp_3,http://sns-webpic-qc.xhscdn.com/202601281154/7435f204bb6611dc2dbae1d11dbf52de/notes_uhdr/1040g3qg31p6eui8jio005n2pimuk45ma93m70q0!nd_dft_wlteh_webp_3","山姆,逛超市的日常,真是人从众呀",1769572499854,https://www.xiaohongshu.com/explore/69218f0e000000001e037bfc?xsec_token=ABcQf1wHE0Qvmbcl_e_BcpopElk0jRUi1bVBP8gMvLayc=&xsec_source=pc_search,山姆排队,ABcQf1wHE0Qvmbcl_e_BcpopElk0jRUi1bVBP8gMvLayc=
69420031000000000d00dbab,normal,山姆第二天，上午9点,昨天中午11点来，全是人，马上撤离了。今早，避高峰。为了烧红烧牛腩面。#上海[话题]# #逛一逛本地超市[话题]# #今天在这里[话题]# #山姆[话题]# #唐镇[话题]# #分享我的日常[话题]# #我爱逛超市[话题]# #逛超市的日常[话题]#,,1765933105000,1765933106000,63bd7300000000002702ba6b,大鱼子酱酱,https://sns-avatar-qc.xhscdn.com/avatar/1040g2jo31dfai65jgk605ottec09tejbq70di40,3,,18,11,,"http://sns-webpic-qc.xhscdn.com/202601281154/2342a314b657b1b2d947545e48f4ad1d/notes_pre_post/1040g3k831q64ohnk0a605ottec09tejbepa2300!nd_dft_wlteh_webp_3,http://sns-webpic-qc.xhscdn.com/202601281154/e70134842c211c17ff58cf7c06a55cf8/notes_pre_post/1040g3k831q64ohnk0a5g5ottec09tejbaum1sgo!nd_dft_wlteh_webp_3","上海,逛一逛本地超市,今天在这里,山姆,唐镇,分享我的日常,我爱逛超市,逛超市的日常",1769572499858,https://www.xiaohongshu.com/explore/69420031000000000d00dbab?xsec_token=ABj6tdbH1hCMMHSOxCl9FNQY6_l_WSHF7Vltp_98uRJOY=&xsec_source=pc_search,山姆排队,ABj6tdbH1hCMMHSOxCl9FNQY6_l_WSHF7Vltp_98uRJOY=
67668873000000000b022353,video,温州山姆超市,到超市买东西排队三小时是什么体验#温州山姆[话题]# #温州同城[话题]# #超市分享[话题]# #卧室设计[话题]# #门墙柜一体化[话题]#,http://sns-video-al.xhscdn.com/stream/110/259/01e76688722b46960103700393e8864eb2_259.mp4,1734772851000,1734772851000,5fe1b0d4000000000100a087,老苏讲木作,https://sns-avatar-qc.xhscdn.com/avatar/1040g2jo31g7jk5fu1q005nv1m3a09847i8lu8e8,3,1,,1,,http://sns-webpic-qc.xhscdn.com/202601281154/1aeab3954a6650a9310760a06304043d/1040g2sg31blqco83gs705nv1m3a09847n51e53o!nd_dft_wlteh_webp_3,"温州山姆,温州同城,超市分享,卧室设计,门墙柜一体化",1769572499860,https://www.xiaohongshu.com/explore/67668873000000000b022353?xsec_token=AB1HwSCJFxCPXc3lepesfOuy9Ar3FLvT8LW84Y4mypLxU=&xsec_source=pc_search,山姆排队,AB1HwSCJFxCPXc3lepesfOuy9Ar3FLvT8LW84Y4mypLxU=
68e1c70d0000000004022474,video,难得一见的排队小能手😂,想吃什么告诉他😜#排队[话题]# #到处都是人[话题]# #山姆[话题]#,http://sns-video-al.xhscdn.com/stream/1/110/259/01e8e1c704e8b8330103700399b1f22d62_259.mp4,1759627021000,1759627022000,60dc0af9000000002002a72b,蔡来蔡有趣,https://sns-avatar-qc.xhscdn.com/avatar/1040g2jo31hcms1egjs005o6s1bso59pb1s1089g,3,,,,,http://sns-webpic-qc.xhscdn.com/202601281154/268d11b9b7df85b0d15e66b14424df6f/1040g2sg31n85oio75ie05o6s1bso59pb8msmh3o!nd_dft_wlteh_webp_3,"排队,到处都是人,山姆",1769572499863,https://www.xiaohongshu.com/explore/68e1c70d0000000004022474?xsec_token=ABmS-2tcaEb0LnomZ0WubwJV2yBUs9fdZ-BrrMY4o-2M0=&xsec_source=pc_search,山姆排队,ABmS-2tcaEb0LnomZ0WubwJV2yBUs9fdZ-BrrMY4o-2M0=
69624350000000000e00ea8c,normal,山姆排队了哦，别说没告诉你们哦，暂时别来,但是没关系，我已经买好了，回大江都了🤣#真是人从众呀[话题]# #人人人人人[话题]# #扬州山姆[话题]#,,1768047440000,1768047440000,5673dcdfb8c8b43f6e740cf7,嘻嘻哈哈的,https://sns-avatar-qc.xhscdn.com/avatar/1040g2jo31ab5rd4h7a6044e4j2edu37n4lo2k9g,3,1,25,17,江苏,"http://sns-webpic-qc.xhscdn.com/202601281154/d9874fc1432f282cfd584ed816e8fc2a/1040g00831r5gguv2g01044e4j2edu37njjg1s8o!nd_dft_wlteh_webp_3,http://sns-webpic-qc.xhscdn.com/202601281154/5af35eb64ae94c7ec33a78911ea513a4/1040g00831r5gguv2g05g44e4j2edu37nfh9hg18!nd_dft_wlteh_webp_3","真是人从众呀,人人人人人,扬州山姆",1769572499867,https://www.xiaohongshu.com/explore/69624350000000000e00ea8c?xsec_token=ABIzLvZkFZRp0_S3N5dwHhvGz7kFjDxfLHzfGge_bgMtk=&xsec_source=pc_search,山姆排队,ABIzLvZkFZRp0_S3N5dwHhvGz7kFjDxfLHzfGge_bgMtk=
695745b3000000001f009018,normal,元旦 山姆罚站80min,"不推荐大人带小小孩来排队，需要等很久才能进去，大人在寒风中等的都累，更何况小孩。小孩也理解不了排队，他们可能更愿意在家看动画片maybe。
	
在山姆购物的时候，听见有广播，有小孩和家长走散了。
	
没有黑的意思，就是心疼小孩。#山姆超市[话题]#",,1767327155000,1767327155000,5f096ec2000000000101e20d,CELIA,https://sns-avatar-qc.xhscdn.com/avatar/5f096ec2000000000101e20d.jpg,2,1,3,3,江苏,http://sns-webpic-qc.xhscdn.com/202601281154/a0bcc94e58118f34f8908a00e14ef4ef/1040g00831qqtbf1q7g0g5no9dr10bogdqt4eo8o!nd_dft_wlteh_webp_3,山姆超市,1769572499871,https://www.xiaohongshu.com/explore/695745b3000000001f009018?xsec_token=ABJufRIDXYYkC5D7E6jRXqbn3TQeXXjpFdgXq30P5QfU4=&xsec_source=pc_search,山姆排队,ABJufRIDXYYkC5D7E6jRXqbn3TQeXXjpFdgXq30P5QfU4=
